Location,Burrito,Neighborhood,Chips,Cost,Hunger,Mass (g),Density (g/mL),Tortilla,Temp,Meat,Fillings,Meat:filling,Uniformity,Salsa,Synergy,Wrap,overall,Unreliable,Beef,Pico,Guac,Cheese,Fries,Sour cream,Pork,Chicken,Shrimp,Fish,Rice,Beans,Lettuce,Tomato,Bell peper,Carrots,Cabbage,Sauce,Salsa,Cilantro,Onion,Taquito,Pineapple,Ham,Chile relleno,Nopales,Lobster,Queso,Egg,Mushroom,Bacon,Sushi,Avocado,Corn,Zucchini
Albertacos,California ,San Marcos,,5.7,3.5,,,3.5,3,3,4,1.5,4,4,4,4,3.7,,X,X,X,X,X,X,,,,,,,,,,,,,,,,,,,,,,,,,,,,,
Albertacos,Carne asada,San Marcos,,5.25,4,,,3.5,3,2.8,3.5,4,4,4,3.5,5,3.2,,X,X,X,,,,,,,,,,,,,,,,,,,,,,,,,,,,,,,,
Burros and Fries,California,Clairemont,,6.89,4,,,3.5,4.5,3.5,3.5,3,1.5,2.5,3.5,5,3.5,,x,x,,x,x,x,,,,,,,,,,,,,,,,,,,,,,,,,,,,,
Burros and Fries,Carne asada,Clairemont,,6.89,5,,,3,5,4.5,4.5,3,4,4.5,4,4.5,4,,x,x,x,,,,,,,,,,,,,,,,,,,,,,,,,,,,,,,,
California Burrito Company,Fajitas ,Miramar,,6.5,3,,,3,4.5,3.5,1.5,1.5,2,3.2,2,4.5,2.2,,X,,,X,,,,,,,,,,,X,,,,,,X,,,,,,,,,,,,,,
California Burrito Company,Dave's California,Miramar,,6.5,4,,,3,2.5,2.5,3,4,3.5,2.5,3,5,3.3,,x,,,x,x,x,,x,,,,,,,,,,,,,,,,,,,,,,,,,,,
California Burrito Company,California,Miramar,,5.5,4,,,3.5,5,3,3,3.5,3.5,2,4,5,3.5,,x,,,x,x,x,,,,,,,,,,,,,,,,,,,,,,,,,,,,,
California Burrito Company,California,Miramar,,5.5,2,,,3,5,3,4,2,2,2,4.5,4,3.5,,x,,,x,x,x,,,,,,,,,,,,,,,,,,,,,,,,,,,,,
California Burritos,Chile relleno and carnitas,Linda Vista,,6.5,5,,,4.5,5,5,5,5,4,4,5,5,4.7,x,,x,,x,,x,x,,,,x,,,,,,,,,,,,,,x,,,,,,,,,,
California Burritos,Carnitas,Linda Vista,,5.5,4.5,,,5,4,5,4,4.5,4,4,4.5,4,4.5,,,,x,,,,x,,,,,,,,,,,,,,,,,,,,,,,,,,,,
California Burritos,California Everything,Linda Vista,x,6.25,4,,,4.5,4.5,2.5,3.5,3.5,3.5,3,4,5,4.1,,x,x,x,x,x,x,,,,,,,,,,,,,,,,,,,,,,,,,,,,,
California Burritos,California Everything,Linda Vista,,6.25,3.5,,,4,4,4,2.5,3,3.5,4,4,5,4,,x,x,x,x,x,x,,,,,,,,,,,,,,,,,,,,,,,,,,,,,
California Burritos,California Everything,Linda Vista,,6.25,4,,,4,4.5,4.5,5,5,5,4.5,5,5,4.6,,x,x,x,x,x,x,,,,,,,,,,,,,,,,,,,,,,,,,,,,,
California Burritos,Carne asada everything,Linda Vista,,6.25,3,,,4,3,4,3,4,3,3,4,4,4,,x,x,x,x,,x,,,,,,,,,,,,,,,,,,,,,,,,,,,,,
California Burritos,Carne asada everything,Linda Vista,,6.25,4.5,,,4,5,4.5,4,4.5,4,3,4,5,4.5,,x,x,x,x,,x,,,,,,,,,,,,,,,,,,,,,,,,,,,,,
California Burritos,Carne asada everything,Linda Vista,,6.25,5,,,4,3,5,4,4,4,5,5,3,4.2,,x,x,x,x,,x,,,,,,,,,,,,,,,,,,,,,,,,,,,,,
California Burritos,Carne asada everything,Linda Vista,,6.25,4.5,,,4.5,4,4,4.5,4,4,4.5,4.5,4,4,,x,x,x,x,,x,,,,,,,,,,,,,,,,,,,,,,,,,,,,,
California Burritos,California Everything,Linda Vista,,6.25,3,,,3.8,1.3,3.5,3.5,4.5,4.5,3.5,4,5,3.9,,x,x,x,x,x,,,,,,,,,,,,,,,,,,,,,,,,,,,,,,
California Burritos,California Everything,Linda Vista,,6.25,4.5,,,4,4,4.5,4,4,3.5,4,4,4.5,4.25,,x,x,x,x,x,,,,,,,,,,,,,,,,,,,,,,,,,,,,,,
California Burritos,California Everything,Linda Vista,,6.25,4,,,3,2.5,4,4,4,2,2,3,4,4,,x,x,x,x,x,,,,,,,,,,,,,,,,,,,,,,,,,,,,,,
California Burritos,California Everything,Linda Vista,,6.25,3,,,5,4,4,4.5,4,4.5,,4,4,4.5,,x,x,x,x,x,,,,,,,,,,,,,,,,,,,,,,,,,,,,,,
California Burritos,California Everything,Linda Vista,,6.25,4,,,4,3.5,4.5,4,4.5,4,4.5,4.5,5,4.5,,x,x,x,x,x,,,,,,,,,,,,,,,,,,,,,,,,,,,,,,
California Burritos,California Everything,Linda Vista,,6.25,4,,,4,4,3.5,4,3,4,4,3.5,4.5,3.75,,x,x,x,x,x,,,,,,,,,,,,,,,,,,,,,,,,,,,,,,
California Burritos,California Everything,Linda Vista,,6.25,4,,,3,2,4,5,4,4,3,4,3,4,,x,x,x,x,x,,,,,,,,,,,,,,,,,,,,,,,,,,,,,,
California Burritos,California Everything,Linda Vista,,6.25,4,,,4,3.5,3.5,4,3.5,4,3.5,4,4.5,4,,x,x,x,x,x,,,,,,,,,,,,,,,,,,,,,,,,,,,,,,
California Burritos,California Everything,Linda Vista,,6.25,3.5,,,3.5,2,3,3.5,3.5,2.5,2.5,3.5,4.5,3.4,,x,x,x,x,x,,,,,,,,,,,,,,,,,,,,,,,,,,,,,,
California Burritos,California Everything,Linda Vista,,6.25,3,,,4,4,4.5,5,4.75,5,4,4.5,4.5,,,x,x,x,x,x,,,,,,,,,,,,,,,,,,,,,,,,,,,,,,
California Burritos,California (only cheese),Linda Vista,,6.25,2,,,5,5,5,4,4,2,,5,5,5,x,x,,,x,x,,,,,,,,,,,,,,,,,,,,,,,,,,,,,,
Cancun Mexican & Seafood,Machaca,Encinitas,,5.99,3,,,4,3.5,3.5,4,3.5,3.5,2,3.5,0.5,3.9,,x,,,,,,,,,,,,,,x,,,,,,x,,,,,,,,x,,,,,,
Cancun Mexican & Seafood,Adobada,Encinitas,,6.45,3,,,4,5,3.5,3,3.5,3.5,4,2.5,4,3.5,,,,X,,,,X,,,,,,,,,,,,,X,X,,,,,,,,,,,,,,
Cancun Mexican & Seafood,California,Encinitas,x,6.99,4,,,4,4.5,4,3.5,4,2.5,2,4,4,4.2,,x,,,x,x,x,,,,,,,,,,,,,,,,,,,,,,,,,,,,,
Cancun Mexican & Seafood,California,Encinitas,,6.99,4,,,3,4.5,4,4,3.5,3,4,4,5,4,,X,,,X,X,X,,,,,,,,,,,,,,,,,,,,,,,,,,,,,
Cancun Mexican & Seafood,California ,Encinitas,,6.99,4.3,,,4.8,5,4,4.4,5,4,4.3,4.3,5,4.5,,X,,,X,X,X,,,,,,,,,,,,,,,,,,,,,,,,,,,,,
Cancun Mexican & Seafood,California ,Encinitas,,6.99,4,,,4.5,4.5,4,4.5,4,4,3.5,4.5,5,4.5,,X,,,X,X,X,,,,,,,,,,,,,,,,,,,,,,,,,,,,,
Carmen's Mexican Food,Adobada,Clairemont,,6.5,3.5,,,2.5,4,3.5,4,4,3,1.5,3.5,5,3.6,,,,x,,,,x,,,,,x,,,,,,,,x,x,,,,,,,,,,,,,,
Carmen's Mexican Food,Carne asada,Clairemont,,6.5,5,,,4.5,4.5,3.5,4,4,3.5,4,4,4,4,,x,x,x,,,,,,,,,,,,,,,,,,,,,,,,,,,,,,,,
Chipotle,Carnitas,Carlsbad,,7.15,4,,,2.5,2.5,3,2.8,2.5,3.5,,3,3.5,2.75,,,X,,,,X,X,,,,X,X,,,X,,,,,,,,,,,,,,,,,,,X,
Colima's Mexican Food,Bandido,North park,,6.49,4.5,,,3,5,4,4,5,4,2.5,4.5,4,4,,x,,,,,,,,,,x,x,,,,,,x,,,,,,,x,,,,,,,,,,
Colima's Mexican Food,Bandido,North park,,6.49,4.5,,,3,4.5,3.5,3.5,3.5,3,3,3,4,3,,x,,,,,,,,,,x,x,,,,,,x,,,,,,,x,,,,,,,,,,
Colima's Mexican Food,Hawaiian,North park,,6.29,3.5,,,3.5,5,4,4,3.5,4.5,3.5,3.5,4,4,,,,,x,,,x,,,,,,,,,,,,,,,,x,x,,,,,,,,,,,
Cortez Mexican Food,California ,Bonsall,,6.25,4,,,3.5,4,2.5,3,1.5,2.5,2.5,2.8,5,3.2,,X,X,X,X,X,X,,,,,,,,,,,,,,,,,,,,,,,,,,,,,
Don Carlos Taco Shop,California,La Jolla,,7.75,5,,,3.5,4.2,3.3,3.7,4,4,2.9,3,5,3.7,,X,X,,X,X,X,,,,,,,,,,,,,,,,,,,,,,,,,,,,,
Don Carlos Taco Shop,California,La Jolla,,7.75,2.5,,,4,4,2.6,3.6,4,4,3.6,4,4,2.9,,X,X,,X,X,X,,,,,,,,,,,,,,,,,,,,,,,,,,,,,
Donato's Taco Shop,Al pastor ,Miramar,,5.99,4,,,3,4.5,3.7,2.8,5,4.5,3,2.3,4.5,3,,,X,X,,,,X,,,,,,,,,,,,,,,,,,,,,,,,,,,,
Donato's taco shop,California ,Miramar,,6.49,3,,,3,5,3,3.5,4,4,4,4,4,3.8,,x,x,x,x,x,,,,,,,,,,,,,,,,,,,,,,,,,,,,,,
Donato's Taco Shop,Carne asada,Miramar,,5.99,2,,,2,4,4.5,4,4,3,4,4,2,4,,X,X,X,,,,,,,,,,,,,,,,,,,,,,,,,,,,,,,,
El Cuervo,Pollo adobado,Hillcrest,,5.95,4,,,3.5,5,4.5,3.5,4,4.5,4.5,4,5,4,,,,X,,,,X,,,,,,,,,,,,,,,,,,,,,,,,,,,,
El Cuervo,California ,Hillcrest,,6.95,3.5,,,3.5,3.5,3,4,3,3,4.5,3.5,2,3.6,,X,X,X,X,X,X,,,,,,,,,,,,,,,,,,,,,,,,,,,,,
El Dorado Mexican Food,Super,Temecula,,6.94,3.75,,,3.5,3.5,3.5,3.5,4,4,4.5,3.5,4.5,3.8,,X,,X,X,,X,,,,,,,,,,,,,X,,,,,,,,,,,,,,,,
El Dorado Mexican Food,California,Temecula,,6.94,4,,,4,4,4,4.5,3.2,3,4.5,4.5,2,4.5,,X,,X,X,X,X,,,,,,,,,,,,,,,,,,,,,,,,,,,,,
El Indio,California,Hillcrest,,7.84,4,,,4,4,3.5,4,4.5,4,3.5,3.5,4.5,4,,x,,x,x,x,,,,,,,,,,,,,,,,,,,,,,,,,,,,,,
El Nopalito ,Especial ,Encinitas,x,4.87,2,,,3,4,1.5,2,3,5,3,2.5,5,2.6,,X,,X,X,,,,,,,X,X,X,X,,,,,,,,,,,,,,,,,,,,,
El Patron,Breakfast,National City,,4.19,3,,,3,5,2,2,4,1,4,3,4,2,x,,,,x,,x,,,,,,x,,,,,,,,,,,,x,,,,,x,,,,,,
El Pollo Loco,Chicken avocado,Oceanside,,5.99,3.5,,,2,3,3.8,2.5,2.5,3,2.5,3,2.6,3.2,,,,x,,,,,x,,,,,,,,,x,,,x,,,,,,,,,,,,,,,
El Portal Fresh Mexican Grill,Mahi,Clairemont,X,7.35,2.3,,,4,4,3.5,2,1.5,2,2,3,1.2,3.1,,,,X,,,,,,,X,,,,X,,,X,,,,,,,,,,,,,,,,,,
El Portal Fresh Mexican Grill,Carnitas,Clairemont,,6.7,3.75,,,3.5,4,4,3,3.75,4,3,3.5,4.5,3.75,,,X,X,,,,X,,,,,,,,,,,,,,,,,,,,,,,,,,,,
El Pueblo Mexican Food,California,Cardiff ,,4.99,4,,,4.5,4.5,3.5,4,4.5,5,2.5,4.5,5,4.3,,x,x,,x,x,,,,,,,,,,,,,,,,,,,,,,,,,,,,,,
El Rey Moro,California Surf,Clairemont,,9.19,2.8,,,3.5,4.5,4,3.5,5,4.5,3,3.5,5,4,,X,,X,X,X,,,,X,,,,,,,,,X,,,,,,,,,,,,,,,,,
El Torrito Foods,Adobada,Vista,,3.99,4.5,,,3.5,4,3,2.5,2.8,4,2.5,2.5,5,2.6,,,,,,,,X,,,,X,X,,,,,,,,X,X,,,,,,,,,,,,,,
El Torrito Foods,Asada,Vista,,5.49,4,,,3,5,3,3,2.5,4,3.5,3,5,3.1,,X,,,,,,,,,,X,X,,,,,,,,X,X,,,,,,,,,,,,,,
El Zarape,Lobster,University Heights,,9.5,3,,,3,3,4,3,3.5,4.5,3.5,3,3.5,3.2,,,,,,,,,,,,,,,x,,,x,x,,,,,,,,,x,,,,,,,,
El Zarape,Azteca,University Heights,,6.25,3.75,,,3,5,5,4.5,4,4,1.5,3,5,3,,x,x,,x,,,,,,,,x,,,,,,,,,,,,,,x,,,,,,,,,
El Zarape,California chicken,University Heights,,6.25,3,,,3.5,5,2.5,2.5,4,2.7,3.5,3,5,2.5,,,x,x,x,x,,,x,,,,,,,,,,,,,,,,,,,,,,,,,,,
El Zarape,California,University Heights,,6.25,4,,,2.5,4,3.75,4,3.75,5,4,4,5,3.9,,x,x,x,x,x,x,,,,,,,,,,,,,,,,,,,,,,,,,,,,,
El Zarape,California,University Heights,,6.25,4,,,3,,4,4,4,4,2,3,5,4,,x,x,x,x,x,x,,,,,,,,,,,,,,,,,,,,,,,,,,,,,
El Zarape,California,University Heights,,6.25,3,,,4,4,2,2,4,3,3,3,5,3,,x,x,x,x,x,x,,,,,,,,,,,,,,,,,,,,,,,,,,,,,
El Zarape,California,University Heights,x,6.25,0.5,,,3,5,4,2.75,4,1.6,3.5,3.4,5,3.33333,,x,x,x,x,x,,,,,,,,,,,,,,,,,,,,,,,,,,,,,,
El Zarape,Supreme chicken,UTC,,7.5,4,,,4,4,3.5,4.2,4.5,4.3,3,4,4.5,3.8,,,,x,x,,,,x,,,x,x,,,,,,,,,,,,,,,,,,,,,,,
Famoso Mexican Street Food,Cali Diablo,Downtown,,10.5,3,,,2,2.5,3.3,3.5,1.5,4,2.5,2.5,3,3.1,,X,X,X,X,X,X,,,X,,,,,,,,,X,,,,,,,,,,,,,,,,,
Filiberto's,Adobada,Encinitas,,6.25,4.4,,,4.2,4.5,4,3,5,3.8,2.5,3,5,3.7,,,x,x,,,,x,,,,,,,,,,,,,,,,,,,,,,,,,,,,
Goody's,Custom,La Jolla,,7.25,3.5,,,1.5,1,2,2,2,2,2,2,1,1.8,,x,x,x,x,,,,,,,x,x,,,,,,,x,,,,,,,,,,,,,,,,
Graciela's Taco Shop,Adobada ,Bonita,,5.99,3,,,4,4,3,3.5,4,4.5,4,4,4.5,4,,,,,,,,x,,,,,x,,,,,,,x,x,x,,,,,,,,,,,,,,
Graciela's Taco Shop,Barbacoa,Bonita,,5.99,2,,,3.5,4,3.5,,4,,4,4,1.5,4,,x,,,,,,,,,,,,,,,,,,,x,x,,,,,,,,,,,,,,
Jorge's Mexicatessen,Chimichanga beef,Encinitas,,5.5,3,,,2,4,3,3,3,4,3.5,3.5,,3,,X,X,X,X,,X,,,,,X,X,,,,,,X,,,,,,,,,,,,,,,,,
Jorge's Mexicatessen,California ,Encinitas,,5.95,3.5,,,2.5,2.5,3.5,4,3,4.5,4,4.5,4.5,3.8,,X,,,X,X,X,,,,,,,,,,,,,,,,,,,,,,,,,,,,,
Jose's Taco,California,Oceanside,,6.1,4,,,3.5,3.5,2,3.5,4.5,3.5,3,3.5,4,3.3,,X,,X,X,X,,,,,,,,,,,,,,,,,,,,,,,,,,,,,,
Juanita's Taco Shop,California ,Encinitas,,5.55,3.5,,,4,4.5,3,3,5,3,4,3,5,3.5,,X,,,X,X,X,,,,,,,,,,,,,,,,,,,,,,,,,,,,,
Juanita's Taco Shop,Arizona,Encinitas,,5.55,2.5,,,4.5,4,3.5,4,3.5,4,3,4,5,3.9,,X,X,X,,x,,,,,,,,,,,,,,,,,,,,,,,,,,,,,,
JV's Mexican Food,Surf & Turf,Morena,,9.5,2,,,2.5,2.5,2.75,2.5,2.5,2,0.5,3,3.5,2.5,,x,,x,,,,,,x,,x,,,,x,,,,,,,,,,,,,,,,,,,,
JV's Mexican Food,Carne Asada,Morena,,6.25,3.5,,,2.5,1.5,1.5,3,4.5,3,1.5,2,4.5,2,,x,x,x,,,,,,,,,,,,,,,,,,,,,,,,,,,,,,,,
Karina's Taco Shop ,Bomb,Encinitas,,7.99,3,,,4,4,4,3.5,2.5,3.5,4,3.5,2.5,3.7,,X,,X,X,X,X,,,,,,,,,,,,,,,,X,,,,,,,,,,,,,
Karina's Taco Shop ,California ,Encinitas,,6.99,2.5,,,3.5,4,3.5,3.5,3,1,4,4,4.5,3.8,,X,,,X,X,X,,,,,,,,,,,,,,,,,,,,,,,,,,,,,
King Burrito,Adobada,Oceanside,,4.99,3.5,,,3,3,3,3,2.5,2,2.5,3,4,2.8,,,X,X,,,,X,,,,,,,,,,,,,,,,,,,,,,,,,,,,
King Burrito,California,Oceanside,,5.29,3.5,,,2.5,4.5,2,3,2.5,1.5,3,2,4.5,2.5,,x,x,,x,x,,,,,,,,,,,,,,,,,,,,,,,,,,,,,,
La Morena Taco Shop and Seafood,California,Webster,,6.35,4,,,4,2.5,4,3,4.5,2,2,3,4,3,,x,x,,,x,x,,,,,,,,,,,,,,,,,,,,,,,,,,,,,
La Perla Cocina,Addiction,Pacific Beach,,7.99,3.5,,,4,4,2,3,1.5,3,2.5,1,3,2.5,,x,x,x,,,,,,,,,x,,,,,,,,,,,,,,,,,,x,,,,,
La Perla Cocina,Oaxacalifornia,Pacific Beach,,9.99,3,,,4,4.5,3.5,4,3,2,2.5,3.5,4,4,,x,x,x,x,x,,,,,,,,,,,,,,,,,,,,,,,,,,,,,,
Lalo's Tacos,California,Hillcrest,,7.75,3,,,3.75,5,3,3.5,5,5,2,3,2.8,2.8,,x,x,x,x,x,,,,,,,,,,,,,,,,,,,,,,,,,,,,,,
Lola's 7 Up Market & Deli,Carne asada,Carlsbad,,7,3.5,,,2.5,3,3,4,2,2,3,3.5,3.5,3,,x,x,x,x,,,,,,,,x,,,,,,,,,,,,,,,,,,,,,,,
Lola's 7 Up Market & Deli,Shredded beef,Carlsbad,,6,3.5,,,2.5,2.5,3,4,4,4,3,3.5,1.5,3.8,,x,x,,x,,,,,,,,x,,,,,,,,,,,,,,,,,,,,,,,
Lolita's taco shop,2 in 1,Kearny Mesa,,8.75,3.5,,,1.5,2,3,3.5,4,1,3.5,4.5,4,4,,x,,x,x,,,,,,,,,,,,,,,,,,x,,,,,,,,,,,,,
Lolita's taco shop,2 in 1,Kearny Mesa,,8.75,3,,,3,4,2.7,4.7,3,2.4,2,3.7,4.5,3.7,,x,,x,x,,,,,,,,,,,,,,,,,,x,,,,,,,,,,,,,
Lolita's taco shop,2 in 1,Kearny Mesa,,8.75,4,,,4.5,3.8,3.8,4.5,3.4,1.5,3,3.8,4,3.8,,x,,x,x,,,,,,,,,,,,,,,,,,x,,,,,,,,,,,,,
Lolita's Taco shop,Shrimp,Kearny Mesa,,8.95,3.5,,,3,3,4,4,3.5,3.5,2.5,4,0.5,3,,,X,,,,,,,X,,,,X,,,,,X,,,,,,,,,,,,,,,,,
Lolita's Taco Shop,Mixed,Kearny Mesa,,8.25,4,,,4,3,4,4,4,5,3,4,5,3.5,,x,,x,x,,,,,,,,x,,,,,,,,,,,,,,,,,,,,,,,
Lolita's Taco shop,Bean and cheese,Kearny Mesa,,3.5,1,,,3.5,4.5,,3,,4,3,2.5,4,2.7,,,,,x,,,,,,,,x,,,,,,,,,,,,,,,,,,,,,,,
Lolita's taco shop,Adobado,Kearny Mesa,,5.5,2.5,,,1.5,2.5,3.5,3,4,1.5,2.5,3.5,4.5,3.5,,,x,x,,,,x,,,,,,,,,,,,,,,,,,,,,,,,,,,,
Pedro's Tacos,California Burrito,Miramar,,6.5,5,,,3,,4,5,4,4,,5,5,5,x,,,,,,,,,,,,,,,,,,,,,,,,,,,,,,,,,,,
Los Primos Mexican Food,619 Burrito Original,Miramar,x,11.75,4,,,3,,4,5,4,4,5,4,3,4,x,x,,,,x,,,,,,,,,,,,,x,,,,,,,,,,,,,,,,,
Kotija Jr.,Fish,Miramar,,6.5,4,,,3,,4,4,5,4,4,5,4,5,x,,,,,,,,,,x,,,,,,,x,x,,,,,,,,,,,,,,,,,
La Perla Cocina,California,Miramar,,6.5,5,,,4,,4,4,5,4,4,4,5,4,x,x,x,x,x,x,x,,,,,,,,,,,,,,,,,,,,,,,,,,,,,
Goody's,Custom,Miramar,,8,4,,,3,,2,3,2,3,2,3,2,2,x,x,x,x,,,x,,,,,,,x,,,,,,,,,,,,,,,,,,,,,,
Goody's,Custom,Miramar,,8,3,,,3,,1,2,2,2,2,2,1,2,x,,,,x,,x,,x,,,,x,x,,,,,,x,,,,,,,,,,,,,,,,
Chipotle,Custom,Miramar,,7,3.5,,,3,,5,3,3,4,4,4,4,4,x,,,,,,,,,,,,,,,,,,,,,,,,,,,,,,,,,,,
Rigoberto's Taco Shop,Al pastor,Miramar,,,4,,,5,,5,5,5,4,5,5,5,4.8,x,,,,,,,,,,,,,,,,,,,,,,,,,,,,,,,,,,,
Lolita's Taco Shop,California,Kearny Mesa,,7,3,,,3.5,2,3,4,2,4,3,3,4,3,,x,,x,x,x,x,,,,,,,,,,,,,,,,,,,,,,,,,,,,,
Lolita's taco shop,California,Kearny Mesa,,7,3.5,,,3,5,3,3.5,3,1.5,3,3,4,3.3,,x,,,x,x,x,,,,,,,,,,,,,,,,,,,,,,,,,,,,,
Lolita's Taco Shop,California,Kearny Mesa,,7,2.2,,,2.8,3,3,2,2,4.5,2,1.5,4.5,2.3,,x,,,x,x,x,,,,,,,,,,,,,,,,,,,,,,,,,,,,,
Lolita's Taco Shop,California,Kearny Mesa,,7,3.5,,,4,4,4,3,4,5,4,4,5,4,,x,,,x,x,x,,,,,,,,,,,,,,,,,,,,,,,,,,,,,
Lolita's Taco shop,Carne asada,Kearny Mesa,,6.25,4,,,1.5,2.5,3,4.5,4,2,2.75,3.75,3,2.6,,X,X,X,,,,,,,,,,,,,,,,,,,,,,,,,,,,,,,,
Los Cabos,Al pastor,San Marcos,,5.69,3,,,4,4.5,3,3.5,4,3.5,2.5,4,4.5,4,,,,X,,,,X,,,,,,,,,,,,,X,X,,,,,,,,,,,,,,
Los Cabos,California,San Marcos,x,5.99,4,,,4,4.5,2.5,2.5,2.5,1.5,3,4,5,3,,X,,,X,X,X,,,,,,,,,,,,,,,,,,,,,,,,,,,,,
Los palmitos,Surf & Turf,Clairemont,,8.25,3.5,,,3.5,4,4,3,3.5,4.5,3.5,3.5,5,3.6,,X,,X,,,,,,X,,X,,,,,,,X,,,,,,,,,,,,,,,,,
Los palmitos,California,Clairemont,x,7.1,4,,,4.5,5,3.8,3.8,4,4,3.9,4.3,5,4.3,,X,,,X,X,X,,,,,,,,,,,,,,,,,,,,,,,,,,,,,
Los Panchos Taco Shop,Bitchin California,Hillcrest,,7.25,4,,,4,4,5,4.5,4,3.5,5,4.5,5,4.4,,x,,x,x,x,,,,x,,,,x,x,,,,,,,,,,,,,,,,,,,,,
Los Panchos Taco Shop,California,Hillcrest,x,6.25,3,,,3.5,5,4,3,4,3,3.5,3.5,3,3.7,,x,x,,x,x,x,,,,,,,,,,,,,,,,,,,,,,,,,,,,,
Los Primos Mexican Food,California breakfast,UTC,,6.25,2.5,,,3,4,3,2,1.5,1,3,1.5,3,2,,x,,,x,x,x,,,,,,,,,,,,,,,,,,,,,,,x,,,,,,
Los Primos Mexican Food,Surf & Turf,UTC,,7,2.5,,,4,4,2,3,2,3.5,3,3,4.5,2.5,,X,,,X,,,,,,,,,,,X,,,,,,X,,,,,,,,,,,,,,
Los Primos Mexican Food,California,UTC,,7.5,4,,,3,5,3.5,3.5,4,4,2.5,3,5,3.5,,,x,,x,x,,,x,,,,,,x,,,,,,,,,,,,,,,,,,,,,
Los Primos Mexican Food,Baja monster,UTC,,6,4,,,3,3,1,4,2,2,3,2,1,2,,,x,x,,,,x,,,,,x,,,,,,,,,,,,,,,,,,,,,,,
Goody's,Carne Asada,Kearny Mesa,,6.25,4.5,,,3.5,3,2,2,2.5,3,2,1.5,1,2,x,,,,,,,,,,,,,,,,,,,,,,,,,,,,,,,,,,,
Saguaro's ,Vegetarian,Kearny Mesa,,5.25,4,,,4,5,,5,4,4,5,5,5,4.8,x,,,,,,,,,,,,,,,,,,,,,,,,,,,,,,,,,,,
Colima's ,Colimas burrito,Kearny Mesa,x,8.25,4,,,5,5,5,5,5,5,,5,4.5,4.9,x,,,,,,,,,,,,,,,,,,,,,,,,,,,,,,,,,,,
"Alberto's 623 N Escondido Blvd, Escondido, CA 92025",Carne Asada,Kearny Mesa,,4.59,4,,,4,4,5,5,5,5,5,5,4,4.8,x,,,,,,,,,,,,,,,,,,,,,,,,,,,,,,,,,,,
MXN on Washington,Bean and rice grande size,Kearny Mesa,,2.99,3,,,4.5,3.5,,4.5,,3.5,3,4,4,4.5,x,,,,,,,,,,,,,,,,,,,,,,,,,,,,,,,,,,,
El Zarape,Surf and Turf,Kearny Mesa,,7,2.5,,,5,5,5,5,5,5,5,5,5,5,x,,,,,,,,,,,,,,,,,,,,,,,,,,,,,,,,,,,
Lolita's,Bean and Cheese,Kearny Mesa,,,4.3,,,3.8,4,,4.7,,5,,4.7,5,4.8,x,,,,,,,,,,,,,,,,,,,,,,,,,,,,,,,,,,,
Humbertos,Pollo california,Kearny Mesa,,6,5,,,4,5,5,5,5,4,5,5,5,5,x,,,,,,,,,,,,,,,,,,,,,,,,,,,,,,,,,,,
Chili Peppers,Surf & Turf,Kearny Mesa,,9.43,,,,4,5,5,5,5,5,5,5,5,5,x,,,,,,,,,,,,,,,,,,,,,,,,,,,,,,,,,,,
Los Primos Mexican Food,Baja monster,UTC,,6,3,,,4,3.5,4,4,2,4,4,4,3,3.8,,,x,x,,,,x,,,,,x,,,,,,,,,,,,,,,,,,,,,,,
Los Primos Mexican Food,Carnitas,UTC,,6.35,4.5,,,4,4,2.5,2,3,2,2,2,3,2,,,,x,,,,x,,,,,,,,,,,,,,,,,,,,,,,,,,,,
Los Primos Mexican Food,Monster California,UTC,x,9.25,3.5,,,2,4.5,4.5,3.5,1.5,3,3.5,4,2,3.9,,x,x,x,x,x,x,,,,,,,,,,,,,,,,,,,,,,,,,,,,,
Los Primos Mexican Food,Monster California,UTC,,9.25,3.5,,,2,1,3,3,1,,3,2,4,2.3,,X,X,X,X,X,X,,,,,,,,,,,,,,,,,,,,,,,,,,,,,
Los Primos Mexican Food,California,UTC,,7,3,,,4.5,4,3.5,4,1,1,2,2,4,2.5,,X,X,X,X,X,,,,,,,,,,,,,,,,,,,,,,,,,,,,,,
Los Tacos,Al pastor tradicional ,Oceanside,,8.25,3.8,430,#REF!,4,,4,3,3,2.5,4,3,5,3.6,,,X,X,,,,X,,,,,,,,,,,,,,,,,,,,,,,,,,,,
Los tacos ,Local,Oceanside,,7.9,3.5,,,3.5,4.5,4.5,4,1.5,1.5,3,4,5,3.5,,,X,,X,X,,X,,,,,,,,,,,,,,,,X,,,,,,,,,,,,
Los tacos ,Fusion,Oceanside,,8.5,3.5,,,4,4,4,3.5,4,4,4,4.5,4.5,4.2,,X,,X,X,,,X,,,,,,,,,,,,,X,X,,,,,,,,,,,,,,
Lucha Libre North Park,Veg Out,North Park,,6.95,3,,,5,5,,5,,5,4.5,5,3,4.5,,,,,,,,,,,,,x,x,,x,,,x,,,,,,,,,,,,x,,,x,,x
Lucha Libre North Park,Surf & Turf,North Park,x,8.25,4,,,3,2.5,3,3,3,3,3.5,3,3,3,,x,x,,,,,,,x,,x,,,,,,,x,,,,,,,,,,,,,,,x,,
Lucha Libre North Park,Surf & Turf,North Park,,8.25,3,,,5,3,5,4,2,2,5,2,2,2,,x,x,,,,,,,x,,x,,,,,,,x,,,,,,,,,,,,,,,x,,
Lucha Libre North Park,Surf & Turf,North Park,,8.25,3.9,,,2.1,1.9,2.6,2.4,2.9,3.2,4,2.5,3,2.4,,x,x,,,,,,,x,,x,,,,,,,x,,,,,,,,,,,,,,,x,,
Lucha Libre North Park,Surf & Turf,North Park,,8.25,4,,,3,2.5,2,2.8,3.5,3.5,4,3,4,2.2,,x,x,,,,,,,x,,x,,,,,,,x,,,,,,,,,,,,,,,x,,
Lucha Libre North Park,Surf & Turf,North Park,,8.25,3.5,,,3.6,3.2,3.2,3.5,3.6,3.5,,3.8,3.9,3.6,,x,x,,,,,,,x,,x,,,,,,,x,,,,,,,,,,,,,,,x,,
Lucha Libre North Park,Surfin California,North Park,,8.25,3,,,3,3,4,3.5,3,2,3.5,3.5,4,3.9,,x,x,,x,x,,,,x,,,,,,,,,x,,,,,,,,,,,,,,,x,,
Lucha Libre North Park,Surfin California,North Park,,8.25,4,,,3.5,2,4,3,5,5,4,4,5,3.5,,x,x,,x,x,,,,x,,,,,,,,,x,,,,,,,,,,,,,,,x,,
Lucha Libre North Park,Surfin California,North Park,,8.25,4,,,4,3,3,3,3,2,3,3,4,3,,x,x,,x,x,,,,x,,,,,,,,,x,,,,,,,,,,,,,,,x,,
Lucha Libre North Park,Surfin California,North Park,,8.25,1,,,3,2,4,3,5,5,4,3.5,5,3.5,,x,x,,x,x,,,,x,,,,,,,,,x,,,,,,,,,,,,,,,x,,
Lucha Libre North Park,Surfin California,North Park,,8.25,2,,,3.5,2,5,3.5,4,2.5,3.5,3,3.5,3.5,,x,x,,x,x,,,,x,,,,,,,,,x,,,,,,,,,,,,,,,x,,
Lucha Libre North Park,Surfin California,North Park,,8.25,3,,,5,4,4,4,3,3,4,4,4,4,,x,x,,x,x,,,,x,,,,,,,,,x,,,,,,,,,,,,,,,x,,
Lucha Libre North Park,Surfin California,North Park,,8.25,1,,,4,3,3.5,3,5,4,2,3,4,3,,x,x,,x,x,,,,x,,,,,,,,,x,,,,,,,,,,,,,,,x,,
Lucha Libre North Park,Nutty,North Park,,7.5,3.8,,,3.8,4,4,4,4,4,4.5,4.5,4.5,4.4,,,,,x,x,x,,x,,,x,,,,,,,x,,,,,,,,,,,,,,,,,
Lucha Libre North Park,Holy Moly,North Park,,7.5,5,,,3.5,2,3.5,3.5,3,4,2,2,4,3.5,,,,,x,,x,,x,,,x,,,,,,,x,,,,,,,,,,,,,,,,,
Lucha Libre North Park,Holy Moly,North Park,,7.5,3,,,2.5,2.5,3,2,2,1,5,1,5,1.5,,,,,x,,x,,x,,,x,,,,,,,x,,,,,,,,,,,,,,,,,
Lucha Libre North Park,Holy Moly,North Park,,7.5,4,,,5,3,5,5,3,2,2,3,5,4,,,,,x,,x,,x,,,x,,,,,,,x,,,,,,,,,,,,,,,,,
Lucha Libre North Park,Holy Moly,North Park,,7.5,5,,,5,4,2,1,4,3,5,4,2,2,,,,,x,,x,,x,,,x,,,,,,,x,,,,,,,,,,,,,,,,,
Lucha Libre North Park,Holy Moly,North Park,,7.5,4.5,,,4,4,3.5,4.5,4,4,5,4.5,4,4,,,,,x,,x,,x,,,x,,,,,,,x,,,,,,,,,,,,,,,,,
Lucha Libre North Park,Veggie,North Park,,5.25,3,,,4.5,4.5,,3.5,,3,4,3.5,5,3.25,,,x,,,x,,,,,,x,x,x,,,,,,,,,,,,,,,,,,,,,,
Lucha Libre North Park,Bean and cheese,North Park,,3.75,5,,,4,3,,1,,3,3,2,3,2,,,,,x,,,,,,,,x,,,,,,,,,,,,,,,,,,,,,,,
Lucha Libre North Park,California - Chicken,North Park,,7.5,4,,,3.5,2.5,3,4.5,3,2,5,4.5,3.5,2.5,,,x,x,x,x,x,,x,,,,,,,,,,,,,,,,,,,,,,,,,,,
Lucha Libre North Park,California - Chicken,North Park,,7.5,3,,,3.5,5,3.5,4,3,3,4,2.5,5,3,,,x,,x,x,x,,x,,,,,,,,,,,,,,,,,,,,,,,,,,,
Lucha Libre North Park,California - Pork Adobada,North Park,,7.5,4,,,2,3,3,3,4,3,4,3,5,3,,,x,,x,x,x,x,,,,,,,,,,,,,,,,,,,,,,,,,,,,
Lucha Libre North Park,California - Pork Adobada,North Park,,7.5,4.5,,,3.5,4,4.5,4,3.5,3.5,4,4,4.5,4.25,,,x,,x,x,x,x,,,,,,,,,,,,,,,,,,,,,,,,,,,,
Lucha Libre North Park,California - Pork Adobada,North Park,,7.5,2,,,4,5,5,4,4.5,4.5,5,4.5,4,4.5,,,x,,x,x,x,x,,,,,,,,,,,,,,,,,,,,,,,,,,,,
Lucha Libre North Park,California - Steak,North Park,,7.5,2.5,,,3,3,5,3.5,3,3.5,4.5,4,4.5,3.9,,x,x,,x,x,x,,,,,,,,,,,,,,,,,,,,,,,,,,,,,
Lucha Libre North Park,California - Steak,North Park,,7.5,5,,,3.5,3,2,3,3,2,4,2.5,5,3.5,,x,x,,x,x,x,,,,,,,,,,,,,,,,,,,,,,,,,,,,,
Matador Mexican Food,Carnitas,Morena,X,6.6,3.2,,,1.4,3.7,3,3.2,4.8,2.4,3,2.9,3,3,,,X,X,,,,X,,,,,,,,,,,,,,,,,,,,,,,,,,,,
Matador Mexican Food,Carne asada,Morena,,6.6,4,,,4,3.5,3.5,3.5,4,3,3.5,3.5,4.5,3,,X,X,X,,,,,,,,,,,,,,,,,,,,,,,,,,,,,,,,
Mi Asador Mexican & Seafood ,El Hawaiiano ,Oceanside,,6.39,3,,,4,3,2.5,3.5,3,3,3.5,4,3.5,3.5,,X,,X,X,,X,,,,,,,,,,,,,,,,,X,,,,,,,,,,,,
Mi Asador Mexican & Seafood ,California ,Oceanside,x,6.89,3,,,3,2.5,3,2.5,2.5,2,3.5,3,4,3,,X,,X,x,X,X,,,,,,,,,,,,,,,,,,,,,,,,,,,,,
Mikes Taco Club,California,Ocean Beach,,8.59,2.5,,,4,4.5,3.5,5,2.5,2,4,4.5,4,4.3,,x,x,x,x,x,x,,,,,,,,,,,,,,,,,,,,,,,,,,,,,
Mikes Taco Club,California,Ocean Beach,,8.59,3.5,,,4.5,4.5,4,4.5,4,4,4,4.5,5,4.5,,x,x,x,x,x,x,,,,,,,,,,,,,,,,,,,,,,,,,,,,,
Mikes Taco Club,California,Point Loma,,8.99,4,,,4.5,4.5,4,4,3,4,3.5,4,3,4.2,,x,x,x,x,x,x,,,,,,,,,,,,,,,,,,,,,,,,,,,,,
Mikes Taco Club,California,Point Loma,,8.99,4,,,4.5,5,3.5,4,4,4,,2.5,1.5,3.8,,x,x,x,x,x,x,,,,,,,,,,,,,,,,,,,,,,,,,,,,,
Mr. Ruribertos Taco Shop ,California,Mission Beach,,7.75,4,,,3.5,2.5,3,3.3,1.4,2.3,2.2,3.3,4.5,2.9,,X,X,,X,X,X,,,,,,,,,,,,,,,,,,,,,,,,,,,,,
Mr. Ruribertos Taco Shop ,Carne asada,Mission Beach,,7.75,4,,,4,4.5,2,2,3.5,3.5,2,2,4,3,,X,X,X,,,,,,,,,,,,,,,,,,,,,,,,,,,,,,,,
Netos Mexican Food,Carne adobada ,San Marcos,,5.5,3,,,3.5,4,3.5,3,3.5,3.5,2.5,3,2.5,3,,x,x,x,,,,,,,,,,,,,,,,,,,,x,,,,,,,,,,,,
Netos Mexican Food,California ,San Marcos,x,5.99,4,,,4.5,5,3,4,2,2,2,3.75,4,3.2,,x,x,x,x,x,x,,,,,,,,,,,,,,,,,,,,,,,,,,,,,
Nico's Taco Shop,Carnitas,Carmel Valley,,6.99,4,,,2.5,3,3,2.5,3,3.5,,2.5,3,3,,,x,x,,,,x,,,,,,,,,,,,,,,,,,,,,,,,,,,,
Nico's Taco Shop,California,Carmel Valley,,7.19,1.5,,,2,3,3,2,2.5,2.5,,2,3,2.6,,x,,,x,x,x,,,,,,,,,,,,,,,,,,,,,,,,,,,,,
Oscar's Mexican food,Carnitas,San Marcos,,4.85,1.5,,,3,2,2.5,3,4.5,4,3,3,5,3,,,x,x,,,,x,,,,,,,,,,,,,,,,,,,,,,,,,,,,
Oscar's Mexican food,California ,San Marcos,,5.45,3.5,,,2,3.5,2.5,2.5,2,4,3.5,2.5,5,3,,x,x,x,x,x,,,,,,,,,,,,,,,,,,,,,,,,,,,,,,
Oscar's Mexican food,Carne asada,San Marcos,,5.25,2,,,3,2,3.5,3,4,5,4,4,5,3.75,,x,x,x,,,,,,,,,,,,,,,,,,,,,,,,,,,,,,,,
Papa Chito's Mexican Food,California,University City,,6.25,3.5,,,3.5,3.5,2.5,2.5,2.5,4,2,1.5,5,2.2,,x,x,,x,x,,,,,,,,,,,,,,,,,,,,,,,,,,,,,,
Papa Chito's Mexican Food,California,University City,,6.25,4,,,4,5,3,3,4,3.5,4,4,5,3.75,,x,x,,x,x,,,,,,,,,,,,,,,,,,,,,,,,,,,,,,
Pokirrito,Pokirrito classic ,Kearny Mesa,x,11.95,4,,,3.5,4,4,4.5,2.5,2.5,3,4,2,4.2,x,,,,,,,,,,,,,,,,,,,,,,,,,,,,,,,,x,,,
Pokirrito,Mauna Lani,Kearny Mesa,,11.95,3,,,3,4,4,4,3,2.5,4.5,4,1.5,4,x,,,,,,,,,,,,,,,,,,,,,,,,,,,,,,,,x,,,
Pollos Maria,combo chicken,Carlsbad,,6.99,4,,,3,4,5,3.5,2.5,2.5,2.5,4,1,3.2,,,,x,x,,x,,x,,,x,x,x,x,,,,,,,,,,,,,,,,,,,,,
Pollos Maria,California,Carlsbad,x,6.59,4,,,4,5,4,3.5,4.5,5,2.5,4.5,4,4.2,,x,x,,x,x,,,,,,,,,,,,,,,,,,,,,,,,,,,,,,
Porkyland ,Chicken nopalito,Carmel Valley,,7.95,2.5,,,2.5,2.5,4,3.5,3,2.5,3,3,5,3.3,,,,x,,,,,x,,,,,,,,,,x,,,,,,,,x,,,,,,,,,
Porkyland ,Chicken nopalito,Carmel Valley,,7.95,2,,,4,5,4,4,3,5,3,3,5,4,,,,x,,,,,x,,,,,,,,,,x,,,,,,,,x,,,,,,,,,
Porkyland ,Deborah's special,Carmel Valley,x,8.25,3.5,,,4,4.5,3.5,2.5,4.5,4.5,4,3.5,5,4,,x,,,,,,,,,,,,,,,,,,,,,,,,,x,,,,,,,,,
Porkyland ,California,Carmel Valley,,8.75,3,,,4,5,3,5,3,2,4,3,5,4,,x,,x,x,x,x,,,,,,,,,,,,,,,,,,,,,,,,,,,,,
Raul's Mexican food,Chile verde pork,Encinitas,,5,3.5,,,2,,2.5,2,2,2,2,2.5,,2,,,,,,,,x,,,,,x,,,,,,,x,,,,,,,,,,,,,,,,
Raul's Mexican food,carne asada,Encinitas,,5,1,,,2,,1,1,0.5,1,1.5,1,4,1,,x,x,x,,,,,,,,,,,,,,,,,,,,,,,,,,,,,,,,
Rigoberto's Taco Shop,Carne asada,La Mesa,,7.2,3,,,4,5,4,3,3,3,4,3,4,4,,x,x,x,,,,,,,,,,,,,,,,,,,,,,,,,,,,,,,,
Rigoberto's Taco Shop,Bacon breakfast,Miramar,,6.25,3.5,,,4,3.5,4,4,5,5,,5,4.5,4.2,,,,,x,x,,,,,,,,,,,,,,,,,,,,,,,,x,,x,,,,
Rigoberto's Taco Shop,Bacon breakfast,Miramar,,6.3,4,,,4,3.6,4,4,4,4,,4,4,4.2,,,,,x,x,,,,,,,,,,,,,,,,,,,,,,,,x,,x,,,,
Rigoberto's Taco Shop,Chile Relleno,Miramar,,6.6,5,,,5,4,,5,5,4,,5,3,4.5,x,,,,x,,x,,,,,,,x,,,,,x,,,,,,,x,,,,,,,,,,
Rigoberto's Taco Shop,Fish,Miramar,,6,2,,,5,4.5,5,5,5,5,,5,4,5,x,,,,,,,,,,x,,,x,x,,,,,,x,x,,,,,,,,,,,,,,
Rigoberto's Taco Shop,California ,Miramar,,6.6,3,,,3,4.5,4,4.5,4,4.5,4.5,5,4.5,4.5,,x,,,x,x,,,,,,,,,,,,,x,,,,,,,,,,,,,,,,,
Rigoberto's Taco Shop,California,Miramar,,6.6,3,,,3,5,3.5,3,4.5,2.5,3,4,4,3.6,,x,,,x,x,,,,,,,,,,,,,x,,,,,,,,,,,,,,,,,
Rigoberto's Taco Shop,Surf & Turf,Miramar,,7.45,3.5,,,3,5,3.5,2.5,3,2.5,3.75,3,4,3,,x,,,x,,,,,x,,x,,,,,,,,,,,,,,,,,,,,,,,,
Rigoberto's Taco Shop,Carnitas,Miramar,,7.5,4,,,4,5,4,5,5,4,5,4,4,4,,,x,x,,,,x,,,,,,,,,,,,,,,,,,,,,,,,,,,,
Rigoberto's Taco Shop,Carnitas,Miramar,,6.6,3,,,4,4,5,5,4.5,3,2,4,4,4,,,x,x,,,,x,,,,,,,,,,,,,,,,,,,,,,,,,,,,
Rigoberto's Taco Shop,Adobada,Miramar,,6.6,3,,,4,5,5,5,5,4,,4.5,5,4.5,,,,x,,,,x,,,,,,,,,,,,,,,,,,,,,,,,,,,,
Rigoberto's Taco Shop,Campeon,Miramar,,7.65,3.5,,,3,1.5,3,3,2.5,3,3.5,2.5,4,3.4,,x,x,x,x,x,x,,,,,,,,,,,,,,,,,,,,,,,,,,,,,
Rigoberto's Taco Shop,Campeon,Miramar,,7.65,4.5,,,3.5,4.5,2.5,2.5,1,1.5,3,2.5,3,2.7,,x,x,x,x,x,x,,,,,,,,,,,,,,,,,,,,,,,,,,,,,
Rigoberto's Taco Shop,El Rusio,Miramar,,6.65,4,,,3,4.5,2.5,2,3.5,5,1.5,2,1.5,2.5,,x,x,,x,x,,,,,,,,,,,,,,,,,,,,,,,,,,,,,,
Rigoberto's Taco Shop,Carne asada,Miramar,,6.6,3.5,,,4,2,4,3.5,4.5,4,3.5,4,1,4.25,,x,x,x,,,,,,,,,,,,,,,,,,,,,,,,,,,,,,,,
Rigoberto's Taco Shop,Carne asada,Miramar,,6.6,4,,,4,3.5,4,4,3.5,4,4,4.5,4.5,4,,x,x,x,,,,,,,,,,,,,,,,,,,,,,,,,,,,,,,,
Rigoberto's Taco Shop,Carne asada,Miramar,,6.6,4.5,,,4,3,3,3,3.5,3,,3.5,4.5,3,,x,x,x,,,,,,,,,,,,,,,,,,,,,,,,,,,,,,,,
Rigoberto's Taco Shop La Jolla,California,La Jolla,,6.4,4,,,3,4,2.75,3,4,2,2,,5,3,,x,x,,,x,,,,,,,,,,,,,,,,,,,,,,,,,,,,,,
Rigoberto's Taco Shop La Jolla,California,La Jolla,,6.4,2.5,,,3.5,3,3,3,4,4,1.5,,4.5,3.5,,x,x,,,x,,,,,,,,,,,,,,,,,,,,,,,,,,,,,,
Roberto's Taco Shop Clairemont,California + Guac + sour cream,Clairemont,,7.29,3.7,,,3.8,4.7,4,3.5,4.5,4,4,4.5,5,4,,x,,x,x,x,x,,,,,,,,,,,,,,,,,,,,,,,,,,,,,
Roberto's Taco Shop Clairemont,California,Clairemont,,5.79,4,,,3,4.5,4,4,4,5,2.5,3,5,3.6,,x,,,x,x,,,,,,,,,,,,,,,,,,,,,,,,,,,,,,
Roberto's Taco Shop Clairemont,California,Clairemont,,5.79,4,,,4,3,4,2.5,3.5,4,2,2.5,5,3,,x,,,x,x,,,,,,,,,,,,,,,,,,,,,,,,,,,,,,
Roberto's Taco Shop Clairemont,Carne asada,Clairemont,,5.69,3,,,4,3,1.5,3,4,4.5,3.5,2,4.5,3,,x,,x,,,,,,,,,,,,,,,,,,,,,,,,,,,,,,,,
Roberto's Taco Shop Hillcrest,California,Hillcrest,,7,3.5,,,3,3,2,2,3,2,3,2,3,2.2,,x,,,x,x,x,,,,,,,,,,,,,,,,,,,,,,,,,,,,,
Roberto's Taco Shop Hillcrest,Asada,Hillcrest,,7,3.5,450,#REF!,4,4,2,2.5,4.5,4,3,2.9,4.5,2.8,,x,x,x,,,,,,,,,,,,,,,,,,,,,,,,,,,,,,,,
Roberto's Very Mexican Food,Chicken asada,Del Mar,,6.5,2,,,1.5,4,2,2,4.5,1,1,2,5,1.5,,,x,x,,,,,x,,,,,,,,,,,,,,,,,,,,,,,,,,,
Roberto's Very Mexican Food,Carnitas,Del Mar,,5.4,3,,,2,3.5,4,2.5,3.5,1.5,1.5,3,5,2.7,,,x,x,,,,x,,,,,,,,,,,,,,,,,,,,,,,,,,,,
Rubios UCSD,Tilapia one,UTC,x,7.99,3.5,,,1.5,4,3,3,1.5,4.5,2.5,3,1.5,3.2,,,,X,,,,,,,X,X,,,,,,X,,,,,,,,,,,,,,,,,x,
Rubios UCSD,Grilled fish salmon,UTC,,8.99,4,350,#REF!,3.5,3,3.5,3.5,4,2,4,4,4,3.4,,,,,,,,,,,x,x,,,,,,x,,,,,,,,,,,,,,,,,x,
Rudy's Taco Shop,Chicken,Solana Beach,,6.6,3.5,,,3.5,3,4,4.5,3,1,3,4,0.5,2.8,,,X,X,,,,,X,,,,,,,,,,,,,,,,,,,,,,,,,,,
Rudy's Taco Shop,Carnitas,Solana Beach,,6.6,3,,,3,2.5,3,4,2,1,3,3,5,3,,,X,X,,,,X,,,,,,,,,,,,,,,,,,,,,,,,,,,,
Senor Grubby's,Pastor,Carlsbad,,9,2,,,2.5,2.5,1.5,2.5,1,2,2.5,2,5,1.8,,,,x,,,,x,,,,,,,,,,,,,x,x,,,,,,,,,,,,,,
Senor Grubby's,California,Carlsbad,,9,2,,,2,3.5,3,1.5,1,1,2.5,1.5,3.5,1.5,,x,x,,x,x,,,,,,,,,,,,,,,,,,,,,,,,,,,,,,
Sotos Mexican Food,Pastor,Miramar,,5.99,2,,,4,2,2.5,4,4,3,3.5,4,5,3.2,,,,X,,,,X,,,,,,,,,,,,,X,X,,,,,,,,,,,,,,
Sotos Mexican Food,California,Miramar,x,6.75,3,,,4.5,4,3,4,1,3,4.5,3.5,4.5,3.5,,X,,X,X,X,X,,,,,,,,,,,,,,,,,,,,,,,,,,,,,
Taco Stand,Al pastor,La Jolla,,6.99,3.5,,,4,3.5,4,3.5,4,5,2.5,4,4.5,3.9,,,,,,,,x,,,,,,,,,,,x,,x,x,,x,,,,,,,,,,,,
Taco Stand,Al pastor,La Jolla,,6.99,5,,,4,4,4,4,2,3,3,4,3,3.5,,,,,,,,x,,,,,,,,,,,x,,x,x,,x,,,,,,,,,,,,
Taco stand,Al pastor,La Jolla,,6.99,4,,,4,3,3.5,3,4,5,3,3.5,5,3.5,,,,,,,,x,,,,,,,,,,,,,x,x,,x,,,,,,,,,,,,
Taco Stand,Surf and turf ,La Jolla,,8.49,2.5,,,4,4,4.5,4,5,4.5,3.5,4,2,4.1,,x,x,x,,,,,,x,,,,,,,,x,,,,,,,,,,,,,,,,,,
Taco Stand,California,La Jolla,,7.49,4,,,3,2.5,4,4,3.5,2.5,3.5,5,4.5,4.2,,x,x,x,x,x,x,,,,,,,,,,,,,,,,,,,,,,,,,,,,,
Taco Stand,California,La Jolla,,7.49,2.5,,,4,3,4,4,4,4,4,4,3,4.6,,x,x,x,x,x,x,,,,,,,,,,,,,,,,,,,,,,,,,,,,,
Taco Stand,California,La Jolla,,7.49,2.5,,,3,2,4.5,4,4,3.5,3,4.5,4.5,4.5,,x,x,x,x,x,x,,,,,,,,,,,,,,,,,,,,,,,,,,,,,
Taco stand,California,La Jolla,,7.49,3.5,,,3.5,4,4,4,3.5,3,4,4.5,3,4.2,,x,x,x,x,x,x,,,,,,,,,,,,,,,,,,,,,,,,,,,,,
Taco stand,California,La Jolla,,7.49,4,,,4,3.5,4,4,4.5,5,4.5,5,4.5,4.5,,x,x,x,x,x,x,,,,,,,,,,,,,,,,,,,,,,,,,,,,,
Taco stand,California,La Jolla,,7.49,4,,,3,3,4,3.5,3.5,4,3.5,4,2.5,3.7,,x,x,x,x,x,x,,,,,,,,,,,,,,,,,,,,,,,,,,,,,
Taco stand,California,La Jolla,,7.49,3,,,4,2,5,5,1,3,5,4,3,4,,x,x,x,x,x,x,,,,,,,,,,,,,,,,,,,,,,,,,,,,,
Taco stand,California,La Jolla,,7.49,1,,,4,3,4,4.5,5,4.5,3,4.5,4,4,,x,x,x,x,x,x,,,,,,,,,,,,,,,,,,,,,,,,,,,,,
Taco Stand,California ,La Jolla,,7.49,2,,,4,5,4.5,3.5,3.5,2,3.5,4,5,4,,x,x,x,x,x,x,,,,,,,,,,,,,,,,,,,,,,,,,,,,,
Taco Stand,California ,La Jolla,,7.49,2.5,,,3.5,5,4,3,4,4.5,3,3.5,5,4,,x,x,x,x,x,x,,,,,,,,,,,,,,,,,,,,,,,,,,,,,
Taco stand,California,La Jolla,,8,4,,,4.5,5,5,5,4.5,5,3,5,5,4.9,,x,x,x,x,x,,,,,,,,,,,,,,,,,,,,,,,,,,,,,,
Taco stand,Carne asada,La Jolla,,7.89,1,,,3,3.5,4.5,4,5,5,4.5,3.5,5,4.2,,x,x,x,,,,,,,,,,,,,,,,,,,,,,,,,,,,,,,,
Taco stand,Carne asada,La Jolla,,7.89,3.5,,,3,2,4.5,4,4,1.5,4.5,4.5,4.5,4.4,,X,X,X,,,,,,,,,,,,,,,,,,,,,,,,,,,,,,,,
Taco stand,Carne asada,La Jolla,,7.89,2,,,3,2.5,4.5,3.5,4.5,3,4,3.5,5,3.5,,x,x,x,,,,,,,,,,,,,,,,,,,,,,,,,,,,,,,,
Taco stand,Carne asada,La Jolla,,7.89,4,,,4,2,4,3,4,4,4,3.5,4,3.5,,x,x,x,,,,,,,,,,,,,,,,,,,,,,,,,,,,,,,,
Taco Surf PB,California,Pacific Beach,,7.14,3.5,,,4,2,4,5,4,2,4,4.5,5,4.4,,x,,x,x,x,x,,,,,x,,,,,,,,,,,,,,,,,,,,,,,,
Taco Surf PB,California,Pacific Beach,,7.14,5,,,4,2,4.5,4,3.5,2,3,4,4,4.1,,x,,x,x,x,x,,,,,x,,,,,,,,,,,,,,,,,,,,,,,,
Taco Surf PB,Carne asada,Pacific Beach,,6.02,3.2,,,4.5,2,3.3,3.4,4.5,4.5,3.8,3.7,5,3.7,,x,,x,,,,,,,,,,,,,,,,,,,,,,,,,,,,,,,,
Taco Villa,Chile Verde (pork),La Jolla,,5.99,3.5,,,4,4.5,3.5,3,4.5,3,3,2.5,2.5,3.6,,,,,,,,x,,,,,x,,,,,,,x,,,,,,,,,,,,,,,,
Taco Villa,Carnitas,La Jolla,,5.99,4,450,#REF!,2,4.5,4.5,3,3.8,4.4,2.5,3.5,3,4,,,x,x,,,,x,,,,,,,,,,,,,,,,,,,,,,,,,,,,
Taco Villa,Carnitas,La Jolla,,5.99,4,,,4,4,4,3,4,3.5,2.5,3.5,5,3.5,,,x,x,,,,x,,,,,,,,,,,,,,,,,,,,,,,,,,,,
Taco Villa,Carnitas,La Jolla,,5.99,3,,,3.5,5,4.3,3.5,5,4,3,3.8,2,4.1,,,x,x,,,,x,,,,,,,,,,,,,,,,,,,,,,,,,,,,
Taco Villa,Carnitas,La Jolla,,5.99,3.5,,,4,4.5,5,4.5,5,4,4,4.5,4,4,,,x,x,,,,x,,,,,,,,,,,,,,,,,,,,,,,,,,,,
Taco Villa,Carnitas,La Jolla,,5.99,2,,,2,3.5,4.5,4,4,2,3,4,2,3.5,,,x,x,,,,x,,,,,,,,,,,,,,,,,,,,,,,,,,,,
Taco Villa,Al pastor,UTC,,,4.5,,,3,4,4,4,4,4,4,4,3,4,,,x,,,,,x,,,,,x,,,,,,,,,,,,,,,,,,,,,,,
Taco Villa,Bean & cheese,UTC,,,3,,,5,5,,3,2,2,,1,5,2,,,,,x,,,,,,,,x,,,,,,,,,,,,,,,,,,,,,,,
Taco Villa,Tejano,UTC,,6.99,3.5,,,2,5,4.2,3,4.7,5,3.7,4.2,5,4,,,,,x,x,,,x,,,,,,,,,,,,,,,,,,,,,,,,,,,
Taco Villa,Carnitas,UTC,,5.99,2.5,,,3.2,3.8,4.5,2.8,4,2,1.8,3.5,5,4,,,X,X,,,,X,,,,,,,,,,,,,,,,,,,,,,,,,,,,
Taco Villa,Al pastor,UTC,,5.99,4,,,3.5,3.5,2,3,4.5,4.5,3,3,5,3.2,,,x,x,,,,x,,,,,,,,,,,,,,,,,,,,,,,,,,,,
Taco Villa,Carnitas,UTC,,5.95,3,,,4,3,4,3,4,2,3.5,3,5,3.9,,,x,x,,,,x,,,,,,,,,,,,,,,,,,,,,,,,,,,,
Taco Villa,California ,UTC,,6.99,3.5,,,3,3,3,3,3.7,3.5,3.8,3,5,3.5,,X,,,X,X,X,,,,,,,,,,,,,,,,,,,,,,,,,,,,,
Tony's Fresh Mexican Food,battered fish ,Miramar,,6.99,3,,,3,1,1.5,2.5,4,4,3,4.5,5,2,,,,,,,,,,,x,,,,,,,x,x,,,,,,,,,,,,,,,,,
Tony's Fresh Mexican Food,Chile verde pork,Miramar,x,6.95,2,,,3,4,4,3,4,4,1,2,1,3,,,x,,,x,,x,,,,x,x,,,,x,,,,,,,,,,,,,,,,,,,
Tony's Fresh Mexican Food,California,Miramar,,6.25,3.5,,,3,3.5,3.5,4,2,3.5,1,4,4,3.9,,x,x,,x,x,,,,,,,,,,,,,,,,,,,,,,,,,,,,,,
Tony's Fresh Mexican Food,California,Miramar,,6.25,3,,,4,,2,2,4,4,,3,4,2.75,,x,x,,x,x,,,,,,,,,,,,,,,,,,,,,,,,,,,,,,
Valentines Mexican Food,California Chipotle,Downtown,,7.9,3,,,4,4,3.5,4.5,4,3.5,2.5,4,1.5,4,,x,x,x,x,x,,,,,,,,,,,,,x,,,,,,,,,,,,,,,,,
Valentines Mexican Food,California ,Downtown,X,7.9,4,,,4,4,4,4,4.5,4,4,4,2.5,4.2,,x,x,x,x,x,,,,,,,,,,,,,,,,,,,,,,,,,,,,,,
Valentines Mexican Food,Carne asada,Downtown,,6.75,3,,,4.5,4.7,4.5,3.5,4,4.5,4.5,3.5,5,4.2,,x,,x,,,,,,,,,,,,,,,,,,,,,,,,,,,,,,,,
Vallarta express,Philly ,Clairemont,,6.95,4,,,3,4.5,4,3,3,2,4,2,4.5,3,,x,,,x,,,,,,,,,,,x,,,,x,,,,,,,,,,,x,x,,,,
Vallarta express,Surf and turf,Clairemont,,7.65,3,,,2,4,3,3,4,2,4,2,3,3.5,,x,,x,,,x,,,x,,x,x,,,,,,,,,,,,,,,,,,,,,,,
Vallarta express,Quesa,Clairemont,,6.95,4.5,,,2,5,3.5,4,2.5,5,3.5,2.5,4,3.75,,x,x,x,x,,,,x,,,,,,,,,,,,,,,,,,,,,,,,,,,
Vallarta express,Quesaburro,Clairemont,,6.95,3.5,,,3,4,3.5,4,4,4,3.5,4.5,4.5,4.1,,x,x,x,x,,,,,,,,,,,,,,,,,,,,,,,,,,,,,,,
Vallarta express,Carne asada,Clairemont,,6.5,3.5,,,3.75,5,3,3,4.5,4.5,3.5,3,4.5,3.25,,x,x,x,,,,,,,,,,,,,,,,,,,,,,,,,,,,,,,,
,,,,,,,,,,,,,,,,,,,,,,,,,,,,,,,,,,,,,,,,,,,,,,,,,,,,,
,,,,,,,,,,,,,,,,,,,,,,,,,,,,,,,,,,,,,,,,,,,,,,,,,,,,,
,,,,,,,,,,,,,,,,,,,,,,,,,,,,,,,,,,,,,,,,,,,,,,,,,,,,,
,,,,,,,,,,,,,,,,,,,,,,,,,,,,,,,,,,,,,,,,,,,,,,,,,,,,,
,,,,,,,,,,,,,,,,,,,,,,,,,,,,,,,,,,,,,,,,,,,,,,,,,,,,,
,,,,,,,,,,,,,,,,,,,,,,,,,,,,,,,,,,,,,,,,,,,,,,,,,,,,,
,,,,,,,,,,,,,,,,,,,,,,,,,,,,,,,,,,,,,,,,,,,,,,,,,,,,,
,,,,,,,,,,,,,,,,,,,,,,,,,,,,,,,,,,,,,,,,,,,,,,,,,,,,,
,,,,,,,,,,,,,,,,,,,,,,,,,,,,,,,,,,,,,,,,,,,,,,,,,,,,,
,,,,,,,,,,,,,,,,,,,,,,,,,,,,,,,,,,,,,,,,,,,,,,,,,,,,,
,,,,,,,,,,,,,,,,,,,,,,,,,,,,,,,,,,,,,,,,,,,,,,,,,,,,,
,,,,,,,,,,,,,,,,,,,,,,,,,,,,,,,,,,,,,,,,,,,,,,,,,,,,,
,,,,,,,,,,,,,,,,,,,,,,,,,,,,,,,,,,,,,,,,,,,,,,,,,,,,,
,,,,,,,,,,,,,,,,,,,,,,,,,,,,,,,,,,,,,,,,,,,,,,,,,,,,,
,,,,,,,,,,,,,,,,,,,,,,,,,,,,,,,,,,,,,,,,,,,,,,,,,,,,,
,,,,,,,,,,,,,,,,,,,,,,,,,,,,,,,,,,,,,,,,,,,,,,,,,,,,,
,,,,,,,,,,,,,,,,,,,,,,,,,,,,,,,,,,,,,,,,,,,,,,,,,,,,,
,,,,,,,,,,,,,,,,,,,,,,,,,,,,,,,,,,,,,,,,,,,,,,,,,,,,,
,,,,,,,,,,,,,,,,,,,,,,,,,,,,,,,,,,,,,,,,,,,,,,,,,,,,,
,,,,,,,,,,,,,,,,,,,,,,,,,,,,,,,,,,,,,,,,,,,,,,,,,,,,,
,,,,,,,,,,,,,,,,,,,,,,,,,,,,,,,,,,,,,,,,,,,,,,,,,,,,,
,,,,,,,,,,,,,,,,,,,,,,,,,,,,,,,,,,,,,,,,,,,,,,,,,,,,,
,,,,,,,,,,,,,,,,,,,,,,,,,,,,,,,,,,,,,,,,,,,,,,,,,,,,,
,,,,,,,,,,,,,,,,,,,,,,,,,,,,,,,,,,,,,,,,,,,,,,,,,,,,,
,,,,,,,,,,,,,,,,,,,,,,,,,,,,,,,,,,,,,,,,,,,,,,,,,,,,,
,,,,,,,,,,,,,,,,,,,,,,,,,,,,,,,,,,,,,,,,,,,,,,,,,,,,,
,,,,,,,,,,,,,,,,,,,,,,,,,,,,,,,,,,,,,,,,,,,,,,,,,,,,,
,,,,,,,,,,,,,,,,,,,,,,,,,,,,,,,,,,,,,,,,,,,,,,,,,,,,,
,,,,,,,,,,,,,,,,,,,,,,,,,,,,,,,,,,,,,,,,,,,,,,,,,,,,,
,,,,,,,,,,,,,,,,,,,,,,,,,,,,,,,,,,,,,,,,,,,,,,,,,,,,,
,,,,,,,,,,,,,,,,,,,,,,,,,,,,,,,,,,,,,,,,,,,,,,,,,,,,,
,,,,,,,,,,,,,,,,,,,,,,,,,,,,,,,,,,,,,,,,,,,,,,,,,,,,,
,,,,,,,,,,,,,,,,,,,,,,,,,,,,,,,,,,,,,,,,,,,,,,,,,,,,,
,,,,,,,,,,,,,,,,,,,,,,,,,,,,,,,,,,,,,,,,,,,,,,,,,,,,,
,,,,,,,,,,,,,,,,,,,,,,,,,,,,,,,,,,,,,,,,,,,,,,,,,,,,,
,,,,,,,,,,,,,,,,,,,,,,,,,,,,,,,,,,,,,,,,,,,,,,,,,,,,,
,,,,,,,,,,,,,,,,,,,,,,,,,,,,,,,,,,,,,,,,,,,,,,,,,,,,,
,,,,,,,,,,,,,,,,,,,,,,,,,,,,,,,,,,,,,,,,,,,,,,,,,,,,,
,,,,,,,,,,,,,,,,,,,,,,,,,,,,,,,,,,,,,,,,,,,,,,,,,,,,,
,,,,,,,,,,,,,,,,,,,,,,,,,,,,,,,,,,,,,,,,,,,,,,,,,,,,,
,,,,,,,,,,,,,,,,,,,,,,,,,,,,,,,,,,,,,,,,,,,,,,,,,,,,,
,,,,,,,,,,,,,,,,,,,,,,,,,,,,,,,,,,,,,,,,,,,,,,,,,,,,,
,,,,,,,,,,,,,,,,,,,,,,,,,,,,,,,,,,,,,,,,,,,,,,,,,,,,,
,,,,,,,,,,,,,,,,,,,,,,,,,,,,,,,,,,,,,,,,,,,,,,,,,,,,,
,,,,,,,,,,,,,,,,,,,,,,,,,,,,,,,,,,,,,,,,,,,,,,,,,,,,,
,,,,,,,,,,,,,,,,,,,,,,,,,,,,,,,,,,,,,,,,,,,,,,,,,,,,,
,,,,,,,,,,,,,,,,,,,,,,,,,,,,,,,,,,,,,,,,,,,,,,,,,,,,,
,,,,,,,,,,,,,,,,,,,,,,,,,,,,,,,,,,,,,,,,,,,,,,,,,,,,,
,,,,,,,,,,,,,,,,,,,,,,,,,,,,,,,,,,,,,,,,,,,,,,,,,,,,,
,,,,,,,,,,,,,,,,,,,,,,,,,,,,,,,,,,,,,,,,,,,,,,,,,,,,,
,,,,,,,,,,,,,,,,,,,,,,,,,,,,,,,,,,,,,,,,,,,,,,,,,,,,,
,,,,,,,,,,,,,,,,,,,,,,,,,,,,,,,,,,,,,,,,,,,,,,,,,,,,,
,,,,,,,,,,,,,,,,,,,,,,,,,,,,,,,,,,,,,,,,,,,,,,,,,,,,,
,,,,,,,,,,,,,,,,,,,,,,,,,,,,,,,,,,,,,,,,,,,,,,,,,,,,,
,,,,,,,,,,,,,,,,,,,,,,,,,,,,,,,,,,,,,,,,,,,,,,,,,,,,,
,,,,,,,,,,,,,,,,,,,,,,,,,,,,,,,,,,,,,,,,,,,,,,,,,,,,,
,,,,,,,,,,,,,,,,,,,,,,,,,,,,,,,,,,,,,,,,,,,,,,,,,,,,,
,,,,,,,,,,,,,,,,,,,,,,,,,,,,,,,,,,,,,,,,,,,,,,,,,,,,,
,,,,,,,,,,,,,,,,,,,,,,,,,,,,,,,,,,,,,,,,,,,,,,,,,,,,,
,,,,,,,,,,,,,,,,,,,,,,,,,,,,,,,,,,,,,,,,,,,,,,,,,,,,,
,,,,,,,,,,,,,,,,,,,,,,,,,,,,,,,,,,,,,,,,,,,,,,,,,,,,,
,,,,,,,,,,,,,,,,,,,,,,,,,,,,,,,,,,,,,,,,,,,,,,,,,,,,,
,,,,,,,,,,,,,,,,,,,,,,,,,,,,,,,,,,,,,,,,,,,,,,,,,,,,,
,,,,,,,,,,,,,,,,,,,,,,,,,,,,,,,,,,,,,,,,,,,,,,,,,,,,,
,,,,,,,,,,,,,,,,,,,,,,,,,,,,,,,,,,,,,,,,,,,,,,,,,,,,,
,,,,,,,,,,,,,,,,,,,,,,,,,,,,,,,,,,,,,,,,,,,,,,,,,,,,,
,,,,,,,,,,,,,,,,,,,,,,,,,,,,,,,,,,,,,,,,,,,,,,,,,,,,,
,,,,,,,,,,,,,,,,,,,,,,,,,,,,,,,,,,,,,,,,,,,,,,,,,,,,,
,,,,,,,,,,,,,,,,,,,,,,,,,,,,,,,,,,,,,,,,,,,,,,,,,,,,,
,,,,,,,,,,,,,,,,,,,,,,,,,,,,,,,,,,,,,,,,,,,,,,,,,,,,,
,,,,,,,,,,,,,,,,,,,,,,,,,,,,,,,,,,,,,,,,,,,,,,,,,,,,,
,,,,,,,,,,,,,,,,,,,,,,,,,,,,,,,,,,,,,,,,,,,,,,,,,,,,,
,,,,,,,,,,,,,,,,,,,,,,,,,,,,,,,,,,,,,,,,,,,,,,,,,,,,,
,,,,,,,,,,,,,,,,,,,,,,,,,,,,,,,,,,,,,,,,,,,,,,,,,,,,,
,,,,,,,,,,,,,,,,,,,,,,,,,,,,,,,,,,,,,,,,,,,,,,,,,,,,,
,,,,,,,,,,,,,,,,,,,,,,,,,,,,,,,,,,,,,,,,,,,,,,,,,,,,,
,,,,,,,,,,,,,,,,,,,,,,,,,,,,,,,,,,,,,,,,,,,,,,,,,,,,,
,,,,,,,,,,,,,,,,,,,,,,,,,,,,,,,,,,,,,,,,,,,,,,,,,,,,,
,,,,,,,,,,,,,,,,,,,,,,,,,,,,,,,,,,,,,,,,,,,,,,,,,,,,,
,,,,,,,,,,,,,,,,,,,,,,,,,,,,,,,,,,,,,,,,,,,,,,,,,,,,,
,,,,,,,,,,,,,,,,,,,,,,,,,,,,,,,,,,,,,,,,,,,,,,,,,,,,,
,,,,,,,,,,,,,,,,,,,,,,,,,,,,,,,,,,,,,,,,,,,,,,,,,,,,,
,,,,,,,,,,,,,,,,,,,,,,,,,,,,,,,,,,,,,,,,,,,,,,,,,,,,,
,,,,,,,,,,,,,,,,,,,,,,,,,,,,,,,,,,,,,,,,,,,,,,,,,,,,,
,,,,,,,,,,,,,,,,,,,,,,,,,,,,,,,,,,,,,,,,,,,,,,,,,,,,,
,,,,,,,,,,,,,,,,,,,,,,,,,,,,,,,,,,,,,,,,,,,,,,,,,,,,,
,,,,,,,,,,,,,,,,,,,,,,,,,,,,,,,,,,,,,,,,,,,,,,,,,,,,,
,,,,,,,,,,,,,,,,,,,,,,,,,,,,,,,,,,,,,,,,,,,,,,,,,,,,,
,,,,,,,,,,,,,,,,,,,,,,,,,,,,,,,,,,,,,,,,,,,,,,,,,,,,,
,,,,,,,,,,,,,,,,,,,,,,,,,,,,,,,,,,,,,,,,,,,,,,,,,,,,,
,,,,,,,,,,,,,,,,,,,,,,,,,,,,,,,,,,,,,,,,,,,,,,,,,,,,,
,,,,,,,,,,,,,,,,,,,,,,,,,,,,,,,,,,,,,,,,,,,,,,,,,,,,,
,,,,,,,,,,,,,,,,,,,,,,,,,,,,,,,,,,,,,,,,,,,,,,,,,,,,,
,,,,,,,,,,,,,,,,,,,,,,,,,,,,,,,,,,,,,,,,,,,,,,,,,,,,,
,,,,,,,,,,,,,,,,,,,,,,,,,,,,,,,,,,,,,,,,,,,,,,,,,,,,,
,,,,,,,,,,,,,,,,,,,,,,,,,,,,,,,,,,,,,,,,,,,,,,,,,,,,,
,,,,,,,,,,,,,,,,,,,,,,,,,,,,,,,,,,,,,,,,,,,,,,,,,,,,,
,,,,,,,,,,,,,,,,,,,,,,,,,,,,,,,,,,,,,,,,,,,,,,,,,,,,,
,,,,,,,,,,,,,,,,,,,,,,,,,,,,,,,,,,,,,,,,,,,,,,,,,,,,,
,,,,,,,,,,,,,,,,,,,,,,,,,,,,,,,,,,,,,,,,,,,,,,,,,,,,,
,,,,,,,,,,,,,,,,,,,,,,,,,,,,,,,,,,,,,,,,,,,,,,,,,,,,,
,,,,,,,,,,,,,,,,,,,,,,,,,,,,,,,,,,,,,,,,,,,,,,,,,,,,,
,,,,,,,,,,,,,,,,,,,,,,,,,,,,,,,,,,,,,,,,,,,,,,,,,,,,,
,,,,,,,,,,,,,,,,,,,,,,,,,,,,,,,,,,,,,,,,,,,,,,,,,,,,,
,,,,,,,,,,,,,,,,,,,,,,,,,,,,,,,,,,,,,,,,,,,,,,,,,,,,,
,,,,,,,,,,,,,,,,,,,,,,,,,,,,,,,,,,,,,,,,,,,,,,,,,,,,,
,,,,,,,,,,,,,,,,,,,,,,,,,,,,,,,,,,,,,,,,,,,,,,,,,,,,,
,,,,,,,,,,,,,,,,,,,,,,,,,,,,,,,,,,,,,,,,,,,,,,,,,,,,,
,,,,,,,,,,,,,,,,,,,,,,,,,,,,,,,,,,,,,,,,,,,,,,,,,,,,,
,,,,,,,,,,,,,,,,,,,,,,,,,,,,,,,,,,,,,,,,,,,,,,,,,,,,,
,,,,,,,,,,,,,,,,,,,,,,,,,,,,,,,,,,,,,,,,,,,,,,,,,,,,,
,,,,,,,,,,,,,,,,,,,,,,,,,,,,,,,,,,,,,,,,,,,,,,,,,,,,,
,,,,,,,,,,,,,,,,,,,,,,,,,,,,,,,,,,,,,,,,,,,,,,,,,,,,,
,,,,,,,,,,,,,,,,,,,,,,,,,,,,,,,,,,,,,,,,,,,,,,,,,,,,,
,,,,,,,,,,,,,,,,,,,,,,,,,,,,,,,,,,,,,,,,,,,,,,,,,,,,,
,,,,,,,,,,,,,,,,,,,,,,,,,,,,,,,,,,,,,,,,,,,,,,,,,,,,,
,,,,,,,,,,,,,,,,,,,,,,,,,,,,,,,,,,,,,,,,,,,,,,,,,,,,,
,,,,,,,,,,,,,,,,,,,,,,,,,,,,,,,,,,,,,,,,,,,,,,,,,,,,,
,,,,,,,,,,,,,,,,,,,,,,,,,,,,,,,,,,,,,,,,,,,,,,,,,,,,,
,,,,,,,,,,,,,,,,,,,,,,,,,,,,,,,,,,,,,,,,,,,,,,,,,,,,,
,,,,,,,,,,,,,,,,,,,,,,,,,,,,,,,,,,,,,,,,,,,,,,,,,,,,,
,,,,,,,,,,,,,,,,,,,,,,,,,,,,,,,,,,,,,,,,,,,,,,,,,,,,,
,,,,,,,,,,,,,,,,,,,,,,,,,,,,,,,,,,,,,,,,,,,,,,,,,,,,,
,,,,,,,,,,,,,,,,,,,,,,,,,,,,,,,,,,,,,,,,,,,,,,,,,,,,,
,,,,,,,,,,,,,,,,,,,,,,,,,,,,,,,,,,,,,,,,,,,,,,,,,,,,,
,,,,,,,,,,,,,,,,,,,,,,,,,,,,,,,,,,,,,,,,,,,,,,,,,,,,,
,,,,,,,,,,,,,,,,,,,,,,,,,,,,,,,,,,,,,,,,,,,,,,,,,,,,,
,,,,,,,,,,,,,,,,,,,,,,,,,,,,,,,,,,,,,,,,,,,,,,,,,,,,,
,,,,,,,,,,,,,,,,,,,,,,,,,,,,,,,,,,,,,,,,,,,,,,,,,,,,,
,,,,,,,,,,,,,,,,,,,,,,,,,,,,,,,,,,,,,,,,,,,,,,,,,,,,,
,,,,,,,,,,,,,,,,,,,,,,,,,,,,,,,,,,,,,,,,,,,,,,,,,,,,,
,,,,,,,,,,,,,,,,,,,,,,,,,,,,,,,,,,,,,,,,,,,,,,,,,,,,,
,,,,,,,,,,,,,,,,,,,,,,,,,,,,,,,,,,,,,,,,,,,,,,,,,,,,,
,,,,,,,,,,,,,,,,,,,,,,,,,,,,,,,,,,,,,,,,,,,,,,,,,,,,,
,,,,,,,,,,,,,,,,,,,,,,,,,,,,,,,,,,,,,,,,,,,,,,,,,,,,,
,,,,,,,,,,,,,,,,,,,,,,,,,,,,,,,,,,,,,,,,,,,,,,,,,,,,,
,,,,,,,,,,,,,,,,,,,,,,,,,,,,,,,,,,,,,,,,,,,,,,,,,,,,,
,,,,,,,,,,,,,,,,,,,,,,,,,,,,,,,,,,,,,,,,,,,,,,,,,,,,,
,,,,,,,,,,,,,,,,,,,,,,,,,,,,,,,,,,,,,,,,,,,,,,,,,,,,,
,,,,,,,,,,,,,,,,,,,,,,,,,,,,,,,,,,,,,,,,,,,,,,,,,,,,,
,,,,,,,,,,,,,,,,,,,,,,,,,,,,,,,,,,,,,,,,,,,,,,,,,,,,,
,,,,,,,,,,,,,,,,,,,,,,,,,,,,,,,,,,,,,,,,,,,,,,,,,,,,,
,,,,,,,,,,,,,,,,,,,,,,,,,,,,,,,,,,,,,,,,,,,,,,,,,,,,,
,,,,,,,,,,,,,,,,,,,,,,,,,,,,,,,,,,,,,,,,,,,,,,,,,,,,,
,,,,,,,,,,,,,,,,,,,,,,,,,,,,,,,,,,,,,,,,,,,,,,,,,,,,,
,,,,,,,,,,,,,,,,,,,,,,,,,,,,,,,,,,,,,,,,,,,,,,,,,,,,,
,,,,,,,,,,,,,,,,,,,,,,,,,,,,,,,,,,,,,,,,,,,,,,,,,,,,,
,,,,,,,,,,,,,,,,,,,,,,,,,,,,,,,,,,,,,,,,,,,,,,,,,,,,,
,,,,,,,,,,,,,,,,,,,,,,,,,,,,,,,,,,,,,,,,,,,,,,,,,,,,,
,,,,,,,,,,,,,,,,,,,,,,,,,,,,,,,,,,,,,,,,,,,,,,,,,,,,,
,,,,,,,,,,,,,,,,,,,,,,,,,,,,,,,,,,,,,,,,,,,,,,,,,,,,,
,,,,,,,,,,,,,,,,,,,,,,,,,,,,,,,,,,,,,,,,,,,,,,,,,,,,,
,,,,,,,,,,,,,,,,,,,,,,,,,,,,,,,,,,,,,,,,,,,,,,,,,,,,,
,,,,,,,,,,,,,,,,,,,,,,,,,,,,,,,,,,,,,,,,,,,,,,,,,,,,,
,,,,,,,,,,,,,,,,,,,,,,,,,,,,,,,,,,,,,,,,,,,,,,,,,,,,,
,,,,,,,,,,,,,,,,,,,,,,,,,,,,,,,,,,,,,,,,,,,,,,,,,,,,,
,,,,,,,,,,,,,,,,,,,,,,,,,,,,,,,,,,,,,,,,,,,,,,,,,,,,,
,,,,,,,,,,,,,,,,,,,,,,,,,,,,,,,,,,,,,,,,,,,,,,,,,,,,,
,,,,,,,,,,,,,,,,,,,,,,,,,,,,,,,,,,,,,,,,,,,,,,,,,,,,,
,,,,,,,,,,,,,,,,,,,,,,,,,,,,,,,,,,,,,,,,,,,,,,,,,,,,,
,,,,,,,,,,,,,,,,,,,,,,,,,,,,,,,,,,,,,,,,,,,,,,,,,,,,,
,,,,,,,,,,,,,,,,,,,,,,,,,,,,,,,,,,,,,,,,,,,,,,,,,,,,,
,,,,,,,,,,,,,,,,,,,,,,,,,,,,,,,,,,,,,,,,,,,,,,,,,,,,,
,,,,,,,,,,,,,,,,,,,,,,,,,,,,,,,,,,,,,,,,,,,,,,,,,,,,,
,,,,,,,,,,,,,,,,,,,,,,,,,,,,,,,,,,,,,,,,,,,,,,,,,,,,,
,,,,,,,,,,,,,,,,,,,,,,,,,,,,,,,,,,,,,,,,,,,,,,,,,,,,,
,,,,,,,,,,,,,,,,,,,,,,,,,,,,,,,,,,,,,,,,,,,,,,,,,,,,,
,,,,,,,,,,,,,,,,,,,,,,,,,,,,,,,,,,,,,,,,,,,,,,,,,,,,,
,,,,,,,,,,,,,,,,,,,,,,,,,,,,,,,,,,,,,,,,,,,,,,,,,,,,,
,,,,,,,,,,,,,,,,,,,,,,,,,,,,,,,,,,,,,,,,,,,,,,,,,,,,,
,,,,,,,,,,,,,,,,,,,,,,,,,,,,,,,,,,,,,,,,,,,,,,,,,,,,,
,,,,,,,,,,,,,,,,,,,,,,,,,,,,,,,,,,,,,,,,,,,,,,,,,,,,,
,,,,,,,,,,,,,,,,,,,,,,,,,,,,,,,,,,,,,,,,,,,,,,,,,,,,,
,,,,,,,,,,,,,,,,,,,,,,,,,,,,,,,,,,,,,,,,,,,,,,,,,,,,,
,,,,,,,,,,,,,,,,,,,,,,,,,,,,,,,,,,,,,,,,,,,,,,,,,,,,,
,,,,,,,,,,,,,,,,,,,,,,,,,,,,,,,,,,,,,,,,,,,,,,,,,,,,,
,,,,,,,,,,,,,,,,,,,,,,,,,,,,,,,,,,,,,,,,,,,,,,,,,,,,,
,,,,,,,,,,,,,,,,,,,,,,,,,,,,,,,,,,,,,,,,,,,,,,,,,,,,,
,,,,,,,,,,,,,,,,,,,,,,,,,,,,,,,,,,,,,,,,,,,,,,,,,,,,,
,,,,,,,,,,,,,,,,,,,,,,,,,,,,,,,,,,,,,,,,,,,,,,,,,,,,,
,,,,,,,,,,,,,,,,,,,,,,,,,,,,,,,,,,,,,,,,,,,,,,,,,,,,,
,,,,,,,,,,,,,,,,,,,,,,,,,,,,,,,,,,,,,,,,,,,,,,,,,,,,,
,,,,,,,,,,,,,,,,,,,,,,,,,,,,,,,,,,,,,,,,,,,,,,,,,,,,,
,,,,,,,,,,,,,,,,,,,,,,,,,,,,,,,,,,,,,,,,,,,,,,,,,,,,,
,,,,,,,,,,,,,,,,,,,,,,,,,,,,,,,,,,,,,,,,,,,,,,,,,,,,,
,,,,,,,,,,,,,,,,,,,,,,,,,,,,,,,,,,,,,,,,,,,,,,,,,,,,,
,,,,,,,,,,,,,,,,,,,,,,,,,,,,,,,,,,,,,,,,,,,,,,,,,,,,,
,,,,,,,,,,,,,,,,,,,,,,,,,,,,,,,,,,,,,,,,,,,,,,,,,,,,,
,,,,,,,,,,,,,,,,,,,,,,,,,,,,,,,,,,,,,,,,,,,,,,,,,,,,,
,,,,,,,,,,,,,,,,,,,,,,,,,,,,,,,,,,,,,,,,,,,,,,,,,,,,,
,,,,,,,,,,,,,,,,,,,,,,,,,,,,,,,,,,,,,,,,,,,,,,,,,,,,,
,,,,,,,,,,,,,,,,,,,,,,,,,,,,,,,,,,,,,,,,,,,,,,,,,,,,,
,,,,,,,,,,,,,,,,,,,,,,,,,,,,,,,,,,,,,,,,,,,,,,,,,,,,,
,,,,,,,,,,,,,,,,,,,,,,,,,,,,,,,,,,,,,,,,,,,,,,,,,,,,,
,,,,,,,,,,,,,,,,,,,,,,,,,,,,,,,,,,,,,,,,,,,,,,,,,,,,,
,,,,,,,,,,,,,,,,,,,,,,,,,,,,,,,,,,,,,,,,,,,,,,,,,,,,,
,,,,,,,,,,,,,,,,,,,,,,,,,,,,,,,,,,,,,,,,,,,,,,,,,,,,,
,,,,,,,,,,,,,,,,,,,,,,,,,,,,,,,,,,,,,,,,,,,,,,,,,,,,,
,,,,,,,,,,,,,,,,,,,,,,,,,,,,,,,,,,,,,,,,,,,,,,,,,,,,,
,,,,,,,,,,,,,,,,,,,,,,,,,,,,,,,,,,,,,,,,,,,,,,,,,,,,,
,,,,,,,,,,,,,,,,,,,,,,,,,,,,,,,,,,,,,,,,,,,,,,,,,,,,,
,,,,,,,,,,,,,,,,,,,,,,,,,,,,,,,,,,,,,,,,,,,,,,,,,,,,,
,,,,,,,,,,,,,,,,,,,,,,,,,,,,,,,,,,,,,,,,,,,,,,,,,,,,,
,,,,,,,,,,,,,,,,,,,,,,,,,,,,,,,,,,,,,,,,,,,,,,,,,,,,,
,,,,,,,,,,,,,,,,,,,,,,,,,,,,,,,,,,,,,,,,,,,,,,,,,,,,,
,,,,,,,,,,,,,,,,,,,,,,,,,,,,,,,,,,,,,,,,,,,,,,,,,,,,,
,,,,,,,,,,,,,,,,,,,,,,,,,,,,,,,,,,,,,,,,,,,,,,,,,,,,,
,,,,,,,,,,,,,,,,,,,,,,,,,,,,,,,,,,,,,,,,,,,,,,,,,,,,,
,,,,,,,,,,,,,,,,,,,,,,,,,,,,,,,,,,,,,,,,,,,,,,,,,,,,,
,,,,,,,,,,,,,,,,,,,,,,,,,,,,,,,,,,,,,,,,,,,,,,,,,,,,,
,,,,,,,,,,,,,,,,,,,,,,,,,,,,,,,,,,,,,,,,,,,,,,,,,,,,,
,,,,,,,,,,,,,,,,,,,,,,,,,,,,,,,,,,,,,,,,,,,,,,,,,,,,,
,,,,,,,,,,,,,,,,,,,,,,,,,,,,,,,,,,,,,,,,,,,,,,,,,,,,,
,,,,,,,,,,,,,,,,,,,,,,,,,,,,,,,,,,,,,,,,,,,,,,,,,,,,,
,,,,,,,,,,,,,,,,,,,,,,,,,,,,,,,,,,,,,,,,,,,,,,,,,,,,,
,,,,,,,,,,,,,,,,,,,,,,,,,,,,,,,,,,,,,,,,,,,,,,,,,,,,,
,,,,,,,,,,,,,,,,,,,,,,,,,,,,,,,,,,,,,,,,,,,,,,,,,,,,,
,,,,,,,,,,,,,,,,,,,,,,,,,,,,,,,,,,,,,,,,,,,,,,,,,,,,,
,,,,,,,,,,,,,,,,,,,,,,,,,,,,,,,,,,,,,,,,,,,,,,,,,,,,,
,,,,,,,,,,,,,,,,,,,,,,,,,,,,,,,,,,,,,,,,,,,,,,,,,,,,,
,,,,,,,,,,,,,,,,,,,,,,,,,,,,,,,,,,,,,,,,,,,,,,,,,,,,,
,,,,,,,,,,,,,,,,,,,,,,,,,,,,,,,,,,,,,,,,,,,,,,,,,,,,,
,,,,,,,,,,,,,,,,,,,,,,,,,,,,,,,,,,,,,,,,,,,,,,,,,,,,,
,,,,,,,,,,,,,,,,,,,,,,,,,,,,,,,,,,,,,,,,,,,,,,,,,,,,,
,,,,,,,,,,,,,,,,,,,,,,,,,,,,,,,,,,,,,,,,,,,,,,,,,,,,,
,,,,,,,,,,,,,,,,,,,,,,,,,,,,,,,,,,,,,,,,,,,,,,,,,,,,,
,,,,,,,,,,,,,,,,,,,,,,,,,,,,,,,,,,,,,,,,,,,,,,,,,,,,,
,,,,,,,,,,,,,,,,,,,,,,,,,,,,,,,,,,,,,,,,,,,,,,,,,,,,,
,,,,,,,,,,,,,,,,,,,,,,,,,,,,,,,,,,,,,,,,,,,,,,,,,,,,,
,,,,,,,,,,,,,,,,,,,,,,,,,,,,,,,,,,,,,,,,,,,,,,,,,,,,,
,,,,,,,,,,,,,,,,,,,,,,,,,,,,,,,,,,,,,,,,,,,,,,,,,,,,,
,,,,,,,,,,,,,,,,,,,,,,,,,,,,,,,,,,,,,,,,,,,,,,,,,,,,,
,,,,,,,,,,,,,,,,,,,,,,,,,,,,,,,,,,,,,,,,,,,,,,,,,,,,,
,,,,,,,,,,,,,,,,,,,,,,,,,,,,,,,,,,,,,,,,,,,,,,,,,,,,,
,,,,,,,,,,,,,,,,,,,,,,,,,,,,,,,,,,,,,,,,,,,,,,,,,,,,,
,,,,,,,,,,,,,,,,,,,,,,,,,,,,,,,,,,,,,,,,,,,,,,,,,,,,,
,,,,,,,,,,,,,,,,,,,,,,,,,,,,,,,,,,,,,,,,,,,,,,,,,,,,,
,,,,,,,,,,,,,,,,,,,,,,,,,,,,,,,,,,,,,,,,,,,,,,,,,,,,,
,,,,,,,,,,,,,,,,,,,,,,,,,,,,,,,,,,,,,,,,,,,,,,,,,,,,,
,,,,,,,,,,,,,,,,,,,,,,,,,,,,,,,,,,,,,,,,,,,,,,,,,,,,,
,,,,,,,,,,,,,,,,,,,,,,,,,,,,,,,,,,,,,,,,,,,,,,,,,,,,,
,,,,,,,,,,,,,,,,,,,,,,,,,,,,,,,,,,,,,,,,,,,,,,,,,,,,,
,,,,,,,,,,,,,,,,,,,,,,,,,,,,,,,,,,,,,,,,,,,,,,,,,,,,,
,,,,,,,,,,,,,,,,,,,,,,,,,,,,,,,,,,,,,,,,,,,,,,,,,,,,,
,,,,,,,,,,,,,,,,,,,,,,,,,,,,,,,,,,,,,,,,,,,,,,,,,,,,,
,,,,,,,,,,,,,,,,,,,,,,,,,,,,,,,,,,,,,,,,,,,,,,,,,,,,,
,,,,,,,,,,,,,,,,,,,,,,,,,,,,,,,,,,,,,,,,,,,,,,,,,,,,,
,,,,,,,,,,,,,,,,,,,,,,,,,,,,,,,,,,,,,,,,,,,,,,,,,,,,,
,,,,,,,,,,,,,,,,,,,,,,,,,,,,,,,,,,,,,,,,,,,,,,,,,,,,,
,,,,,,,,,,,,,,,,,,,,,,,,,,,,,,,,,,,,,,,,,,,,,,,,,,,,,
,,,,,,,,,,,,,,,,,,,,,,,,,,,,,,,,,,,,,,,,,,,,,,,,,,,,,
,,,,,,,,,,,,,,,,,,,,,,,,,,,,,,,,,,,,,,,,,,,,,,,,,,,,,
,,,,,,,,,,,,,,,,,,,,,,,,,,,,,,,,,,,,,,,,,,,,,,,,,,,,,
,,,,,,,,,,,,,,,,,,,,,,,,,,,,,,,,,,,,,,,,,,,,,,,,,,,,,
,,,,,,,,,,,,,,,,,,,,,,,,,,,,,,,,,,,,,,,,,,,,,,,,,,,,,
,,,,,,,,,,,,,,,,,,,,,,,,,,,,,,,,,,,,,,,,,,,,,,,,,,,,,
,,,,,,,,,,,,,,,,,,,,,,,,,,,,,,,,,,,,,,,,,,,,,,,,,,,,,
,,,,,,,,,,,,,,,,,,,,,,,,,,,,,,,,,,,,,,,,,,,,,,,,,,,,,
,,,,,,,,,,,,,,,,,,,,,,,,,,,,,,,,,,,,,,,,,,,,,,,,,,,,,
,,,,,,,,,,,,,,,,,,,,,,,,,,,,,,,,,,,,,,,,,,,,,,,,,,,,,
,,,,,,,,,,,,,,,,,,,,,,,,,,,,,,,,,,,,,,,,,,,,,,,,,,,,,
,,,,,,,,,,,,,,,,,,,,,,,,,,,,,,,,,,,,,,,,,,,,,,,,,,,,,
,,,,,,,,,,,,,,,,,,,,,,,,,,,,,,,,,,,,,,,,,,,,,,,,,,,,,
,,,,,,,,,,,,,,,,,,,,,,,,,,,,,,,,,,,,,,,,,,,,,,,,,,,,,
,,,,,,,,,,,,,,,,,,,,,,,,,,,,,,,,,,,,,,,,,,,,,,,,,,,,,
,,,,,,,,,,,,,,,,,,,,,,,,,,,,,,,,,,,,,,,,,,,,,,,,,,,,,
,,,,,,,,,,,,,,,,,,,,,,,,,,,,,,,,,,,,,,,,,,,,,,,,,,,,,
,,,,,,,,,,,,,,,,,,,,,,,,,,,,,,,,,,,,,,,,,,,,,,,,,,,,,
,,,,,,,,,,,,,,,,,,,,,,,,,,,,,,,,,,,,,,,,,,,,,,,,,,,,,
,,,,,,,,,,,,,,,,,,,,,,,,,,,,,,,,,,,,,,,,,,,,,,,,,,,,,
,,,,,,,,,,,,,,,,,,,,,,,,,,,,,,,,,,,,,,,,,,,,,,,,,,,,,
,,,,,,,,,,,,,,,,,,,,,,,,,,,,,,,,,,,,,,,,,,,,,,,,,,,,,
,,,,,,,,,,,,,,,,,,,,,,,,,,,,,,,,,,,,,,,,,,,,,,,,,,,,,
,,,,,,,,,,,,,,,,,,,,,,,,,,,,,,,,,,,,,,,,,,,,,,,,,,,,,
,,,,,,,,,,,,,,,,,,,,,,,,,,,,,,,,,,,,,,,,,,,,,,,,,,,,,
,,,,,,,,,,,,,,,,,,,,,,,,,,,,,,,,,,,,,,,,,,,,,,,,,,,,,
,,,,,,,,,,,,,,,,,,,,,,,,,,,,,,,,,,,,,,,,,,,,,,,,,,,,,
,,,,,,,,,,,,,,,,,,,,,,,,,,,,,,,,,,,,,,,,,,,,,,,,,,,,,
,,,,,,,,,,,,,,,,,,,,,,,,,,,,,,,,,,,,,,,,,,,,,,,,,,,,,
,,,,,,,,,,,,,,,,,,,,,,,,,,,,,,,,,,,,,,,,,,,,,,,,,,,,,
,,,,,,,,,,,,,,,,,,,,,,,,,,,,,,,,,,,,,,,,,,,,,,,,,,,,,
,,,,,,,,,,,,,,,,,,,,,,,,,,,,,,,,,,,,,,,,,,,,,,,,,,,,,
,,,,,,,,,,,,,,,,,,,,,,,,,,,,,,,,,,,,,,,,,,,,,,,,,,,,,
,,,,,,,,,,,,,,,,,,,,,,,,,,,,,,,,,,,,,,,,,,,,,,,,,,,,,
,,,,,,,,,,,,,,,,,,,,,,,,,,,,,,,,,,,,,,,,,,,,,,,,,,,,,
,,,,,,,,,,,,,,,,,,,,,,,,,,,,,,,,,,,,,,,,,,,,,,,,,,,,,
,,,,,,,,,,,,,,,,,,,,,,,,,,,,,,,,,,,,,,,,,,,,,,,,,,,,,
,,,,,,,,,,,,,,,,,,,,,,,,,,,,,,,,,,,,,,,,,,,,,,,,,,,,,
,,,,,,,,,,,,,,,,,,,,,,,,,,,,,,,,,,,,,,,,,,,,,,,,,,,,,
,,,,,,,,,,,,,,,,,,,,,,,,,,,,,,,,,,,,,,,,,,,,,,,,,,,,,
,,,,,,,,,,,,,,,,,,,,,,,,,,,,,,,,,,,,,,,,,,,,,,,,,,,,,
,,,,,,,,,,,,,,,,,,,,,,,,,,,,,,,,,,,,,,,,,,,,,,,,,,,,,
,,,,,,,,,,,,,,,,,,,,,,,,,,,,,,,,,,,,,,,,,,,,,,,,,,,,,
,,,,,,,,,,,,,,,,,,,,,,,,,,,,,,,,,,,,,,,,,,,,,,,,,,,,,
,,,,,,,,,,,,,,,,,,,,,,,,,,,,,,,,,,,,,,,,,,,,,,,,,,,,,
,,,,,,,,,,,,,,,,,,,,,,,,,,,,,,,,,,,,,,,,,,,,,,,,,,,,,
,,,,,,,,,,,,,,,,,,,,,,,,,,,,,,,,,,,,,,,,,,,,,,,,,,,,,
,,,,,,,,,,,,,,,,,,,,,,,,,,,,,,,,,,,,,,,,,,,,,,,,,,,,,
,,,,,,,,,,,,,,,,,,,,,,,,,,,,,,,,,,,,,,,,,,,,,,,,,,,,,
,,,,,,,,,,,,,,,,,,,,,,,,,,,,,,,,,,,,,,,,,,,,,,,,,,,,,
,,,,,,,,,,,,,,,,,,,,,,,,,,,,,,,,,,,,,,,,,,,,,,,,,,,,,
,,,,,,,,,,,,,,,,,,,,,,,,,,,,,,,,,,,,,,,,,,,,,,,,,,,,,
,,,,,,,,,,,,,,,,,,,,,,,,,,,,,,,,,,,,,,,,,,,,,,,,,,,,,
,,,,,,,,,,,,,,,,,,,,,,,,,,,,,,,,,,,,,,,,,,,,,,,,,,,,,
,,,,,,,,,,,,,,,,,,,,,,,,,,,,,,,,,,,,,,,,,,,,,,,,,,,,,
,,,,,,,,,,,,,,,,,,,,,,,,,,,,,,,,,,,,,,,,,,,,,,,,,,,,,
,,,,,,,,,,,,,,,,,,,,,,,,,,,,,,,,,,,,,,,,,,,,,,,,,,,,,
,,,,,,,,,,,,,,,,,,,,,,,,,,,,,,,,,,,,,,,,,,,,,,,,,,,,,
,,,,,,,,,,,,,,,,,,,,,,,,,,,,,,,,,,,,,,,,,,,,,,,,,,,,,
,,,,,,,,,,,,,,,,,,,,,,,,,,,,,,,,,,,,,,,,,,,,,,,,,,,,,
,,,,,,,,,,,,,,,,,,,,,,,,,,,,,,,,,,,,,,,,,,,,,,,,,,,,,
,,,,,,,,,,,,,,,,,,,,,,,,,,,,,,,,,,,,,,,,,,,,,,,,,,,,,
,,,,,,,,,,,,,,,,,,,,,,,,,,,,,,,,,,,,,,,,,,,,,,,,,,,,,
,,,,,,,,,,,,,,,,,,,,,,,,,,,,,,,,,,,,,,,,,,,,,,,,,,,,,
,,,,,,,,,,,,,,,,,,,,,,,,,,,,,,,,,,,,,,,,,,,,,,,,,,,,,
,,,,,,,,,,,,,,,,,,,,,,,,,,,,,,,,,,,,,,,,,,,,,,,,,,,,,
,,,,,,,,,,,,,,,,,,,,,,,,,,,,,,,,,,,,,,,,,,,,,,,,,,,,,
,,,,,,,,,,,,,,,,,,,,,,,,,,,,,,,,,,,,,,,,,,,,,,,,,,,,,
,,,,,,,,,,,,,,,,,,,,,,,,,,,,,,,,,,,,,,,,,,,,,,,,,,,,,
,,,,,,,,,,,,,,,,,,,,,,,,,,,,,,,,,,,,,,,,,,,,,,,,,,,,,
,,,,,,,,,,,,,,,,,,,,,,,,,,,,,,,,,,,,,,,,,,,,,,,,,,,,,
,,,,,,,,,,,,,,,,,,,,,,,,,,,,,,,,,,,,,,,,,,,,,,,,,,,,,
,,,,,,,,,,,,,,,,,,,,,,,,,,,,,,,,,,,,,,,,,,,,,,,,,,,,,
,,,,,,,,,,,,,,,,,,,,,,,,,,,,,,,,,,,,,,,,,,,,,,,,,,,,,
,,,,,,,,,,,,,,,,,,,,,,,,,,,,,,,,,,,,,,,,,,,,,,,,,,,,,
,,,,,,,,,,,,,,,,,,,,,,,,,,,,,,,,,,,,,,,,,,,,,,,,,,,,,
,,,,,,,,,,,,,,,,,,,,,,,,,,,,,,,,,,,,,,,,,,,,,,,,,,,,,
,,,,,,,,,,,,,,,,,,,,,,,,,,,,,,,,,,,,,,,,,,,,,,,,,,,,,
,,,,,,,,,,,,,,,,,,,,,,,,,,,,,,,,,,,,,,,,,,,,,,,,,,,,,
,,,,,,,,,,,,,,,,,,,,,,,,,,,,,,,,,,,,,,,,,,,,,,,,,,,,,
,,,,,,,,,,,,,,,,,,,,,,,,,,,,,,,,,,,,,,,,,,,,,,,,,,,,,
,,,,,,,,,,,,,,,,,,,,,,,,,,,,,,,,,,,,,,,,,,,,,,,,,,,,,
,,,,,,,,,,,,,,,,,,,,,,,,,,,,,,,,,,,,,,,,,,,,,,,,,,,,,
,,,,,,,,,,,,,,,,,,,,,,,,,,,,,,,,,,,,,,,,,,,,,,,,,,,,,
,,,,,,,,,,,,,,,,,,,,,,,,,,,,,,,,,,,,,,,,,,,,,,,,,,,,,
,,,,,,,,,,,,,,,,,,,,,,,,,,,,,,,,,,,,,,,,,,,,,,,,,,,,,
,,,,,,,,,,,,,,,,,,,,,,,,,,,,,,,,,,,,,,,,,,,,,,,,,,,,,
,,,,,,,,,,,,,,,,,,,,,,,,,,,,,,,,,,,,,,,,,,,,,,,,,,,,,
,,,,,,,,,,,,,,,,,,,,,,,,,,,,,,,,,,,,,,,,,,,,,,,,,,,,,
,,,,,,,,,,,,,,,,,,,,,,,,,,,,,,,,,,,,,,,,,,,,,,,,,,,,,
,,,,,,,,,,,,,,,,,,,,,,,,,,,,,,,,,,,,,,,,,,,,,,,,,,,,,
,,,,,,,,,,,,,,,,,,,,,,,,,,,,,,,,,,,,,,,,,,,,,,,,,,,,,
,,,,,,,,,,,,,,,,,,,,,,,,,,,,,,,,,,,,,,,,,,,,,,,,,,,,,
,,,,,,,,,,,,,,,,,,,,,,,,,,,,,,,,,,,,,,,,,,,,,,,,,,,,,
,,,,,,,,,,,,,,,,,,,,,,,,,,,,,,,,,,,,,,,,,,,,,,,,,,,,,
,,,,,,,,,,,,,,,,,,,,,,,,,,,,,,,,,,,,,,,,,,,,,,,,,,,,,
,,,,,,,,,,,,,,,,,,,,,,,,,,,,,,,,,,,,,,,,,,,,,,,,,,,,,
,,,,,,,,,,,,,,,,,,,,,,,,,,,,,,,,,,,,,,,,,,,,,,,,,,,,,
,,,,,,,,,,,,,,,,,,,,,,,,,,,,,,,,,,,,,,,,,,,,,,,,,,,,,
,,,,,,,,,,,,,,,,,,,,,,,,,,,,,,,,,,,,,,,,,,,,,,,,,,,,,
,,,,,,,,,,,,,,,,,,,,,,,,,,,,,,,,,,,,,,,,,,,,,,,,,,,,,
,,,,,,,,,,,,,,,,,,,,,,,,,,,,,,,,,,,,,,,,,,,,,,,,,,,,,
,,,,,,,,,,,,,,,,,,,,,,,,,,,,,,,,,,,,,,,,,,,,,,,,,,,,,
,,,,,,,,,,,,,,,,,,,,,,,,,,,,,,,,,,,,,,,,,,,,,,,,,,,,,
,,,,,,,,,,,,,,,,,,,,,,,,,,,,,,,,,,,,,,,,,,,,,,,,,,,,,
,,,,,,,,,,,,,,,,,,,,,,,,,,,,,,,,,,,,,,,,,,,,,,,,,,,,,
,,,,,,,,,,,,,,,,,,,,,,,,,,,,,,,,,,,,,,,,,,,,,,,,,,,,,
,,,,,,,,,,,,,,,,,,,,,,,,,,,,,,,,,,,,,,,,,,,,,,,,,,,,,
,,,,,,,,,,,,,,,,,,,,,,,,,,,,,,,,,,,,,,,,,,,,,,,,,,,,,
,,,,,,,,,,,,,,,,,,,,,,,,,,,,,,,,,,,,,,,,,,,,,,,,,,,,,
,,,,,,,,,,,,,,,,,,,,,,,,,,,,,,,,,,,,,,,,,,,,,,,,,,,,,
,,,,,,,,,,,,,,,,,,,,,,,,,,,,,,,,,,,,,,,,,,,,,,,,,,,,,
,,,,,,,,,,,,,,,,,,,,,,,,,,,,,,,,,,,,,,,,,,,,,,,,,,,,,
,,,,,,,,,,,,,,,,,,,,,,,,,,,,,,,,,,,,,,,,,,,,,,,,,,,,,
,,,,,,,,,,,,,,,,,,,,,,,,,,,,,,,,,,,,,,,,,,,,,,,,,,,,,
,,,,,,,,,,,,,,,,,,,,,,,,,,,,,,,,,,,,,,,,,,,,,,,,,,,,,
,,,,,,,,,,,,,,,,,,,,,,,,,,,,,,,,,,,,,,,,,,,,,,,,,,,,,
,,,,,,,,,,,,,,,,,,,,,,,,,,,,,,,,,,,,,,,,,,,,,,,,,,,,,
,,,,,,,,,,,,,,,,,,,,,,,,,,,,,,,,,,,,,,,,,,,,,,,,,,,,,
,,,,,,,,,,,,,,,,,,,,,,,,,,,,,,,,,,,,,,,,,,,,,,,,,,,,,
,,,,,,,,,,,,,,,,,,,,,,,,,,,,,,,,,,,,,,,,,,,,,,,,,,,,,
,,,,,,,,,,,,,,,,,,,,,,,,,,,,,,,,,,,,,,,,,,,,,,,,,,,,,
,,,,,,,,,,,,,,,,,,,,,,,,,,,,,,,,,,,,,,,,,,,,,,,,,,,,,
,,,,,,,,,,,,,,,,,,,,,,,,,,,,,,,,,,,,,,,,,,,,,,,,,,,,,
,,,,,,,,,,,,,,,,,,,,,,,,,,,,,,,,,,,,,,,,,,,,,,,,,,,,,
,,,,,,,,,,,,,,,,,,,,,,,,,,,,,,,,,,,,,,,,,,,,,,,,,,,,,
,,,,,,,,,,,,,,,,,,,,,,,,,,,,,,,,,,,,,,,,,,,,,,,,,,,,,
,,,,,,,,,,,,,,,,,,,,,,,,,,,,,,,,,,,,,,,,,,,,,,,,,,,,,
,,,,,,,,,,,,,,,,,,,,,,,,,,,,,,,,,,,,,,,,,,,,,,,,,,,,,
,,,,,,,,,,,,,,,,,,,,,,,,,,,,,,,,,,,,,,,,,,,,,,,,,,,,,
,,,,,,,,,,,,,,,,,,,,,,,,,,,,,,,,,,,,,,,,,,,,,,,,,,,,,
,,,,,,,,,,,,,,,,,,,,,,,,,,,,,,,,,,,,,,,,,,,,,,,,,,,,,
,,,,,,,,,,,,,,,,,,,,,,,,,,,,,,,,,,,,,,,,,,,,,,,,,,,,,
,,,,,,,,,,,,,,,,,,,,,,,,,,,,,,,,,,,,,,,,,,,,,,,,,,,,,
,,,,,,,,,,,,,,,,,,,,,,,,,,,,,,,,,,,,,,,,,,,,,,,,,,,,,
,,,,,,,,,,,,,,,,,,,,,,,,,,,,,,,,,,,,,,,,,,,,,,,,,,,,,
,,,,,,,,,,,,,,,,,,,,,,,,,,,,,,,,,,,,,,,,,,,,,,,,,,,,,
,,,,,,,,,,,,,,,,,,,,,,,,,,,,,,,,,,,,,,,,,,,,,,,,,,,,,
,,,,,,,,,,,,,,,,,,,,,,,,,,,,,,,,,,,,,,,,,,,,,,,,,,,,,
,,,,,,,,,,,,,,,,,,,,,,,,,,,,,,,,,,,,,,,,,,,,,,,,,,,,,
,,,,,,,,,,,,,,,,,,,,,,,,,,,,,,,,,,,,,,,,,,,,,,,,,,,,,
,,,,,,,,,,,,,,,,,,,,,,,,,,,,,,,,,,,,,,,,,,,,,,,,,,,,,
,,,,,,,,,,,,,,,,,,,,,,,,,,,,,,,,,,,,,,,,,,,,,,,,,,,,,
,,,,,,,,,,,,,,,,,,,,,,,,,,,,,,,,,,,,,,,,,,,,,,,,,,,,,
,,,,,,,,,,,,,,,,,,,,,,,,,,,,,,,,,,,,,,,,,,,,,,,,,,,,,
,,,,,,,,,,,,,,,,,,,,,,,,,,,,,,,,,,,,,,,,,,,,,,,,,,,,,
,,,,,,,,,,,,,,,,,,,,,,,,,,,,,,,,,,,,,,,,,,,,,,,,,,,,,
,,,,,,,,,,,,,,,,,,,,,,,,,,,,,,,,,,,,,,,,,,,,,,,,,,,,,
,,,,,,,,,,,,,,,,,,,,,,,,,,,,,,,,,,,,,,,,,,,,,,,,,,,,,
,,,,,,,,,,,,,,,,,,,,,,,,,,,,,,,,,,,,,,,,,,,,,,,,,,,,,
,,,,,,,,,,,,,,,,,,,,,,,,,,,,,,,,,,,,,,,,,,,,,,,,,,,,,
,,,,,,,,,,,,,,,,,,,,,,,,,,,,,,,,,,,,,,,,,,,,,,,,,,,,,
,,,,,,,,,,,,,,,,,,,,,,,,,,,,,,,,,,,,,,,,,,,,,,,,,,,,,
,,,,,,,,,,,,,,,,,,,,,,,,,,,,,,,,,,,,,,,,,,,,,,,,,,,,,
,,,,,,,,,,,,,,,,,,,,,,,,,,,,,,,,,,,,,,,,,,,,,,,,,,,,,
,,,,,,,,,,,,,,,,,,,,,,,,,,,,,,,,,,,,,,,,,,,,,,,,,,,,,
,,,,,,,,,,,,,,,,,,,,,,,,,,,,,,,,,,,,,,,,,,,,,,,,,,,,,
,,,,,,,,,,,,,,,,,,,,,,,,,,,,,,,,,,,,,,,,,,,,,,,,,,,,,
,,,,,,,,,,,,,,,,,,,,,,,,,,,,,,,,,,,,,,,,,,,,,,,,,,,,,
,,,,,,,,,,,,,,,,,,,,,,,,,,,,,,,,,,,,,,,,,,,,,,,,,,,,,
,,,,,,,,,,,,,,,,,,,,,,,,,,,,,,,,,,,,,,,,,,,,,,,,,,,,,
,,,,,,,,,,,,,,,,,,,,,,,,,,,,,,,,,,,,,,,,,,,,,,,,,,,,,
,,,,,,,,,,,,,,,,,,,,,,,,,,,,,,,,,,,,,,,,,,,,,,,,,,,,,
,,,,,,,,,,,,,,,,,,,,,,,,,,,,,,,,,,,,,,,,,,,,,,,,,,,,,
,,,,,,,,,,,,,,,,,,,,,,,,,,,,,,,,,,,,,,,,,,,,,,,,,,,,,
,,,,,,,,,,,,,,,,,,,,,,,,,,,,,,,,,,,,,,,,,,,,,,,,,,,,,
,,,,,,,,,,,,,,,,,,,,,,,,,,,,,,,,,,,,,,,,,,,,,,,,,,,,,
,,,,,,,,,,,,,,,,,,,,,,,,,,,,,,,,,,,,,,,,,,,,,,,,,,,,,
,,,,,,,,,,,,,,,,,,,,,,,,,,,,,,,,,,,,,,,,,,,,,,,,,,,,,
,,,,,,,,,,,,,,,,,,,,,,,,,,,,,,,,,,,,,,,,,,,,,,,,,,,,,
,,,,,,,,,,,,,,,,,,,,,,,,,,,,,,,,,,,,,,,,,,,,,,,,,,,,,
,,,,,,,,,,,,,,,,,,,,,,,,,,,,,,,,,,,,,,,,,,,,,,,,,,,,,
,,,,,,,,,,,,,,,,,,,,,,,,,,,,,,,,,,,,,,,,,,,,,,,,,,,,,
,,,,,,,,,,,,,,,,,,,,,,,,,,,,,,,,,,,,,,,,,,,,,,,,,,,,,
,,,,,,,,,,,,,,,,,,,,,,,,,,,,,,,,,,,,,,,,,,,,,,,,,,,,,
,,,,,,,,,,,,,,,,,,,,,,,,,,,,,,,,,,,,,,,,,,,,,,,,,,,,,
,,,,,,,,,,,,,,,,,,,,,,,,,,,,,,,,,,,,,,,,,,,,,,,,,,,,,
,,,,,,,,,,,,,,,,,,,,,,,,,,,,,,,,,,,,,,,,,,,,,,,,,,,,,
,,,,,,,,,,,,,,,,,,,,,,,,,,,,,,,,,,,,,,,,,,,,,,,,,,,,,
,,,,,,,,,,,,,,,,,,,,,,,,,,,,,,,,,,,,,,,,,,,,,,,,,,,,,
,,,,,,,,,,,,,,,,,,,,,,,,,,,,,,,,,,,,,,,,,,,,,,,,,,,,,
,,,,,,,,,,,,,,,,,,,,,,,,,,,,,,,,,,,,,,,,,,,,,,,,,,,,,
,,,,,,,,,,,,,,,,,,,,,,,,,,,,,,,,,,,,,,,,,,,,,,,,,,,,,
,,,,,,,,,,,,,,,,,,,,,,,,,,,,,,,,,,,,,,,,,,,,,,,,,,,,,
,,,,,,,,,,,,,,,,,,,,,,,,,,,,,,,,,,,,,,,,,,,,,,,,,,,,,
,,,,,,,,,,,,,,,,,,,,,,,,,,,,,,,,,,,,,,,,,,,,,,,,,,,,,
,,,,,,,,,,,,,,,,,,,,,,,,,,,,,,,,,,,,,,,,,,,,,,,,,,,,,
,,,,,,,,,,,,,,,,,,,,,,,,,,,,,,,,,,,,,,,,,,,,,,,,,,,,,
,,,,,,,,,,,,,,,,,,,,,,,,,,,,,,,,,,,,,,,,,,,,,,,,,,,,,
,,,,,,,,,,,,,,,,,,,,,,,,,,,,,,,,,,,,,,,,,,,,,,,,,,,,,
,,,,,,,,,,,,,,,,,,,,,,,,,,,,,,,,,,,,,,,,,,,,,,,,,,,,,
,,,,,,,,,,,,,,,,,,,,,,,,,,,,,,,,,,,,,,,,,,,,,,,,,,,,,
,,,,,,,,,,,,,,,,,,,,,,,,,,,,,,,,,,,,,,,,,,,,,,,,,,,,,
,,,,,,,,,,,,,,,,,,,,,,,,,,,,,,,,,,,,,,,,,,,,,,,,,,,,,
,,,,,,,,,,,,,,,,,,,,,,,,,,,,,,,,,,,,,,,,,,,,,,,,,,,,,
,,,,,,,,,,,,,,,,,,,,,,,,,,,,,,,,,,,,,,,,,,,,,,,,,,,,,
,,,,,,,,,,,,,,,,,,,,,,,,,,,,,,,,,,,,,,,,,,,,,,,,,,,,,
,,,,,,,,,,,,,,,,,,,,,,,,,,,,,,,,,,,,,,,,,,,,,,,,,,,,,
,,,,,,,,,,,,,,,,,,,,,,,,,,,,,,,,,,,,,,,,,,,,,,,,,,,,,
,,,,,,,,,,,,,,,,,,,,,,,,,,,,,,,,,,,,,,,,,,,,,,,,,,,,,
,,,,,,,,,,,,,,,,,,,,,,,,,,,,,,,,,,,,,,,,,,,,,,,,,,,,,
,,,,,,,,,,,,,,,,,,,,,,,,,,,,,,,,,,,,,,,,,,,,,,,,,,,,,
,,,,,,,,,,,,,,,,,,,,,,,,,,,,,,,,,,,,,,,,,,,,,,,,,,,,,
,,,,,,,,,,,,,,,,,,,,,,,,,,,,,,,,,,,,,,,,,,,,,,,,,,,,,
,,,,,,,,,,,,,,,,,,,,,,,,,,,,,,,,,,,,,,,,,,,,,,,,,,,,,
,,,,,,,,,,,,,,,,,,,,,,,,,,,,,,,,,,,,,,,,,,,,,,,,,,,,,
,,,,,,,,,,,,,,,,,,,,,,,,,,,,,,,,,,,,,,,,,,,,,,,,,,,,,
,,,,,,,,,,,,,,,,,,,,,,,,,,,,,,,,,,,,,,,,,,,,,,,,,,,,,
,,,,,,,,,,,,,,,,,,,,,,,,,,,,,,,,,,,,,,,,,,,,,,,,,,,,,
,,,,,,,,,,,,,,,,,,,,,,,,,,,,,,,,,,,,,,,,,,,,,,,,,,,,,
,,,,,,,,,,,,,,,,,,,,,,,,,,,,,,,,,,,,,,,,,,,,,,,,,,,,,
,,,,,,,,,,,,,,,,,,,,,,,,,,,,,,,,,,,,,,,,,,,,,,,,,,,,,
,,,,,,,,,,,,,,,,,,,,,,,,,,,,,,,,,,,,,,,,,,,,,,,,,,,,,
,,,,,,,,,,,,,,,,,,,,,,,,,,,,,,,,,,,,,,,,,,,,,,,,,,,,,
,,,,,,,,,,,,,,,,,,,,,,,,,,,,,,,,,,,,,,,,,,,,,,,,,,,,,
,,,,,,,,,,,,,,,,,,,,,,,,,,,,,,,,,,,,,,,,,,,,,,,,,,,,,
,,,,,,,,,,,,,,,,,,,,,,,,,,,,,,,,,,,,,,,,,,,,,,,,,,,,,
,,,,,,,,,,,,,,,,,,,,,,,,,,,,,,,,,,,,,,,,,,,,,,,,,,,,,
,,,,,,,,,,,,,,,,,,,,,,,,,,,,,,,,,,,,,,,,,,,,,,,,,,,,,
,,,,,,,,,,,,,,,,,,,,,,,,,,,,,,,,,,,,,,,,,,,,,,,,,,,,,
,,,,,,,,,,,,,,,,,,,,,,,,,,,,,,,,,,,,,,,,,,,,,,,,,,,,,
,,,,,,,,,,,,,,,,,,,,,,,,,,,,,,,,,,,,,,,,,,,,,,,,,,,,,
,,,,,,,,,,,,,,,,,,,,,,,,,,,,,,,,,,,,,,,,,,,,,,,,,,,,,
,,,,,,,,,,,,,,,,,,,,,,,,,,,,,,,,,,,,,,,,,,,,,,,,,,,,,
,,,,,,,,,,,,,,,,,,,,,,,,,,,,,,,,,,,,,,,,,,,,,,,,,,,,,
,,,,,,,,,,,,,,,,,,,,,,,,,,,,,,,,,,,,,,,,,,,,,,,,,,,,,
,,,,,,,,,,,,,,,,,,,,,,,,,,,,,,,,,,,,,,,,,,,,,,,,,,,,,
,,,,,,,,,,,,,,,,,,,,,,,,,,,,,,,,,,,,,,,,,,,,,,,,,,,,,
,,,,,,,,,,,,,,,,,,,,,,,,,,,,,,,,,,,,,,,,,,,,,,,,,,,,,
,,,,,,,,,,,,,,,,,,,,,,,,,,,,,,,,,,,,,,,,,,,,,,,,,,,,,
,,,,,,,,,,,,,,,,,,,,,,,,,,,,,,,,,,,,,,,,,,,,,,,,,,,,,
,,,,,,,,,,,,,,,,,,,,,,,,,,,,,,,,,,,,,,,,,,,,,,,,,,,,,
,,,,,,,,,,,,,,,,,,,,,,,,,,,,,,,,,,,,,,,,,,,,,,,,,,,,,
,,,,,,,,,,,,,,,,,,,,,,,,,,,,,,,,,,,,,,,,,,,,,,,,,,,,,
,,,,,,,,,,,,,,,,,,,,,,,,,,,,,,,,,,,,,,,,,,,,,,,,,,,,,
,,,,,,,,,,,,,,,,,,,,,,,,,,,,,,,,,,,,,,,,,,,,,,,,,,,,,
,,,,,,,,,,,,,,,,,,,,,,,,,,,,,,,,,,,,,,,,,,,,,,,,,,,,,
,,,,,,,,,,,,,,,,,,,,,,,,,,,,,,,,,,,,,,,,,,,,,,,,,,,,,
,,,,,,,,,,,,,,,,,,,,,,,,,,,,,,,,,,,,,,,,,,,,,,,,,,,,,
,,,,,,,,,,,,,,,,,,,,,,,,,,,,,,,,,,,,,,,,,,,,,,,,,,,,,
,,,,,,,,,,,,,,,,,,,,,,,,,,,,,,,,,,,,,,,,,,,,,,,,,,,,,
,,,,,,,,,,,,,,,,,,,,,,,,,,,,,,,,,,,,,,,,,,,,,,,,,,,,,
,,,,,,,,,,,,,,,,,,,,,,,,,,,,,,,,,,,,,,,,,,,,,,,,,,,,,
,,,,,,,,,,,,,,,,,,,,,,,,,,,,,,,,,,,,,,,,,,,,,,,,,,,,,
,,,,,,,,,,,,,,,,,,,,,,,,,,,,,,,,,,,,,,,,,,,,,,,,,,,,,
,,,,,,,,,,,,,,,,,,,,,,,,,,,,,,,,,,,,,,,,,,,,,,,,,,,,,
,,,,,,,,,,,,,,,,,,,,,,,,,,,,,,,,,,,,,,,,,,,,,,,,,,,,,
,,,,,,,,,,,,,,,,,,,,,,,,,,,,,,,,,,,,,,,,,,,,,,,,,,,,,
,,,,,,,,,,,,,,,,,,,,,,,,,,,,,,,,,,,,,,,,,,,,,,,,,,,,,
,,,,,,,,,,,,,,,,,,,,,,,,,,,,,,,,,,,,,,,,,,,,,,,,,,,,,
,,,,,,,,,,,,,,,,,,,,,,,,,,,,,,,,,,,,,,,,,,,,,,,,,,,,,
,,,,,,,,,,,,,,,,,,,,,,,,,,,,,,,,,,,,,,,,,,,,,,,,,,,,,
,,,,,,,,,,,,,,,,,,,,,,,,,,,,,,,,,,,,,,,,,,,,,,,,,,,,,
,,,,,,,,,,,,,,,,,,,,,,,,,,,,,,,,,,,,,,,,,,,,,,,,,,,,,
,,,,,,,,,,,,,,,,,,,,,,,,,,,,,,,,,,,,,,,,,,,,,,,,,,,,,
,,,,,,,,,,,,,,,,,,,,,,,,,,,,,,,,,,,,,,,,,,,,,,,,,,,,,
,,,,,,,,,,,,,,,,,,,,,,,,,,,,,,,,,,,,,,,,,,,,,,,,,,,,,
,,,,,,,,,,,,,,,,,,,,,,,,,,,,,,,,,,,,,,,,,,,,,,,,,,,,,
,,,,,,,,,,,,,,,,,,,,,,,,,,,,,,,,,,,,,,,,,,,,,,,,,,,,,
,,,,,,,,,,,,,,,,,,,,,,,,,,,,,,,,,,,,,,,,,,,,,,,,,,,,,
,,,,,,,,,,,,,,,,,,,,,,,,,,,,,,,,,,,,,,,,,,,,,,,,,,,,,
,,,,,,,,,,,,,,,,,,,,,,,,,,,,,,,,,,,,,,,,,,,,,,,,,,,,,
,,,,,,,,,,,,,,,,,,,,,,,,,,,,,,,,,,,,,,,,,,,,,,,,,,,,,
,,,,,,,,,,,,,,,,,,,,,,,,,,,,,,,,,,,,,,,,,,,,,,,,,,,,,
,,,,,,,,,,,,,,,,,,,,,,,,,,,,,,,,,,,,,,,,,,,,,,,,,,,,,
,,,,,,,,,,,,,,,,,,,,,,,,,,,,,,,,,,,,,,,,,,,,,,,,,,,,,
,,,,,,,,,,,,,,,,,,,,,,,,,,,,,,,,,,,,,,,,,,,,,,,,,,,,,
,,,,,,,,,,,,,,,,,,,,,,,,,,,,,,,,,,,,,,,,,,,,,,,,,,,,,
,,,,,,,,,,,,,,,,,,,,,,,,,,,,,,,,,,,,,,,,,,,,,,,,,,,,,
,,,,,,,,,,,,,,,,,,,,,,,,,,,,,,,,,,,,,,,,,,,,,,,,,,,,,
,,,,,,,,,,,,,,,,,,,,,,,,,,,,,,,,,,,,,,,,,,,,,,,,,,,,,
,,,,,,,,,,,,,,,,,,,,,,,,,,,,,,,,,,,,,,,,,,,,,,,,,,,,,
,,,,,,,,,,,,,,,,,,,,,,,,,,,,,,,,,,,,,,,,,,,,,,,,,,,,,
,,,,,,,,,,,,,,,,,,,,,,,,,,,,,,,,,,,,,,,,,,,,,,,,,,,,,
,,,,,,,,,,,,,,,,,,,,,,,,,,,,,,,,,,,,,,,,,,,,,,,,,,,,,
,,,,,,,,,,,,,,,,,,,,,,,,,,,,,,,,,,,,,,,,,,,,,,,,,,,,,
,,,,,,,,,,,,,,,,,,,,,,,,,,,,,,,,,,,,,,,,,,,,,,,,,,,,,
,,,,,,,,,,,,,,,,,,,,,,,,,,,,,,,,,,,,,,,,,,,,,,,,,,,,,
,,,,,,,,,,,,,,,,,,,,,,,,,,,,,,,,,,,,,,,,,,,,,,,,,,,,,
,,,,,,,,,,,,,,,,,,,,,,,,,,,,,,,,,,,,,,,,,,,,,,,,,,,,,
,,,,,,,,,,,,,,,,,,,,,,,,,,,,,,,,,,,,,,,,,,,,,,,,,,,,,
,,,,,,,,,,,,,,,,,,,,,,,,,,,,,,,,,,,,,,,,,,,,,,,,,,,,,
,,,,,,,,,,,,,,,,,,,,,,,,,,,,,,,,,,,,,,,,,,,,,,,,,,,,,
,,,,,,,,,,,,,,,,,,,,,,,,,,,,,,,,,,,,,,,,,,,,,,,,,,,,,
,,,,,,,,,,,,,,,,,,,,,,,,,,,,,,,,,,,,,,,,,,,,,,,,,,,,,
,,,,,,,,,,,,,,,,,,,,,,,,,,,,,,,,,,,,,,,,,,,,,,,,,,,,,
,,,,,,,,,,,,,,,,,,,,,,,,,,,,,,,,,,,,,,,,,,,,,,,,,,,,,
,,,,,,,,,,,,,,,,,,,,,,,,,,,,,,,,,,,,,,,,,,,,,,,,,,,,,
,,,,,,,,,,,,,,,,,,,,,,,,,,,,,,,,,,,,,,,,,,,,,,,,,,,,,
,,,,,,,,,,,,,,,,,,,,,,,,,,,,,,,,,,,,,,,,,,,,,,,,,,,,,
,,,,,,,,,,,,,,,,,,,,,,,,,,,,,,,,,,,,,,,,,,,,,,,,,,,,,
,,,,,,,,,,,,,,,,,,,,,,,,,,,,,,,,,,,,,,,,,,,,,,,,,,,,,
,,,,,,,,,,,,,,,,,,,,,,,,,,,,,,,,,,,,,,,,,,,,,,,,,,,,,
,,,,,,,,,,,,,,,,,,,,,,,,,,,,,,,,,,,,,,,,,,,,,,,,,,,,,
,,,,,,,,,,,,,,,,,,,,,,,,,,,,,,,,,,,,,,,,,,,,,,,,,,,,,
,,,,,,,,,,,,,,,,,,,,,,,,,,,,,,,,,,,,,,,,,,,,,,,,,,,,,
,,,,,,,,,,,,,,,,,,,,,,,,,,,,,,,,,,,,,,,,,,,,,,,,,,,,,
,,,,,,,,,,,,,,,,,,,,,,,,,,,,,,,,,,,,,,,,,,,,,,,,,,,,,
,,,,,,,,,,,,,,,,,,,,,,,,,,,,,,,,,,,,,,,,,,,,,,,,,,,,,
,,,,,,,,,,,,,,,,,,,,,,,,,,,,,,,,,,,,,,,,,,,,,,,,,,,,,
,,,,,,,,,,,,,,,,,,,,,,,,,,,,,,,,,,,,,,,,,,,,,,,,,,,,,
,,,,,,,,,,,,,,,,,,,,,,,,,,,,,,,,,,,,,,,,,,,,,,,,,,,,,
,,,,,,,,,,,,,,,,,,,,,,,,,,,,,,,,,,,,,,,,,,,,,,,,,,,,,
,,,,,,,,,,,,,,,,,,,,,,,,,,,,,,,,,,,,,,,,,,,,,,,,,,,,,
,,,,,,,,,,,,,,,,,,,,,,,,,,,,,,,,,,,,,,,,,,,,,,,,,,,,,
,,,,,,,,,,,,,,,,,,,,,,,,,,,,,,,,,,,,,,,,,,,,,,,,,,,,,
,,,,,,,,,,,,,,,,,,,,,,,,,,,,,,,,,,,,,,,,,,,,,,,,,,,,,
,,,,,,,,,,,,,,,,,,,,,,,,,,,,,,,,,,,,,,,,,,,,,,,,,,,,,
,,,,,,,,,,,,,,,,,,,,,,,,,,,,,,,,,,,,,,,,,,,,,,,,,,,,,
,,,,,,,,,,,,,,,,,,,,,,,,,,,,,,,,,,,,,,,,,,,,,,,,,,,,,
,,,,,,,,,,,,,,,,,,,,,,,,,,,,,,,,,,,,,,,,,,,,,,,,,,,,,
,,,,,,,,,,,,,,,,,,,,,,,,,,,,,,,,,,,,,,,,,,,,,,,,,,,,,
,,,,,,,,,,,,,,,,,,,,,,,,,,,,,,,,,,,,,,,,,,,,,,,,,,,,,
,,,,,,,,,,,,,,,,,,,,,,,,,,,,,,,,,,,,,,,,,,,,,,,,,,,,,
,,,,,,,,,,,,,,,,,,,,,,,,,,,,,,,,,,,,,,,,,,,,,,,,,,,,,
,,,,,,,,,,,,,,,,,,,,,,,,,,,,,,,,,,,,,,,,,,,,,,,,,,,,,
,,,,,,,,,,,,,,,,,,,,,,,,,,,,,,,,,,,,,,,,,,,,,,,,,,,,,
,,,,,,,,,,,,,,,,,,,,,,,,,,,,,,,,,,,,,,,,,,,,,,,,,,,,,
,,,,,,,,,,,,,,,,,,,,,,,,,,,,,,,,,,,,,,,,,,,,,,,,,,,,,
,,,,,,,,,,,,,,,,,,,,,,,,,,,,,,,,,,,,,,,,,,,,,,,,,,,,,
,,,,,,,,,,,,,,,,,,,,,,,,,,,,,,,,,,,,,,,,,,,,,,,,,,,,,
,,,,,,,,,,,,,,,,,,,,,,,,,,,,,,,,,,,,,,,,,,,,,,,,,,,,,
,,,,,,,,,,,,,,,,,,,,,,,,,,,,,,,,,,,,,,,,,,,,,,,,,,,,,
,,,,,,,,,,,,,,,,,,,,,,,,,,,,,,,,,,,,,,,,,,,,,,,,,,,,,
,,,,,,,,,,,,,,,,,,,,,,,,,,,,,,,,,,,,,,,,,,,,,,,,,,,,,
,,,,,,,,,,,,,,,,,,,,,,,,,,,,,,,,,,,,,,,,,,,,,,,,,,,,,
